Backed by Federal Funds, New Virus Tests Are Hitting the Market;9;2
Hurricane Laura Will Cause ‘a Lot of Devastation,’ Texas Governor Says;8;25
Australia’s Witnesses to Fire’s Fury Are Desperate to Avoid a Sequel;9;14
Black Artists Look Beyond ‘Protest Art’ at British Shows;8;20
This Trawler’s Haul: Evidence That Antibodies Block the Coronavirus;8;19
‘All In, All the Time’: Reopening Florida Schools Is Likened to Military Operation;8;19
Texas Governor Proposes Freezing Taxes in Cities That ‘Defund’ Police;8;18
Plucky Characters? Ugh. Make Mine Prickly and Difficult.;8;14
5 South Texas Communities Have the Country’s Highest New Infection Rates;8;14
‘It’s Kitchen Sink Time’: Fast, Less-Accurate Coronavirus Tests May Be Good Enough;8;6
Your Coronavirus Antibodies Are Disappearing. Should You Care?;7;26
Red vs. Red in Texas, With Republicans Battling One Another After Mask Order;7;23
Vulnerable Border Community Battles Virus on ‘A Straight Up Trajectory’;7;19
Mary Koutrakos, Rick Abbott;2;2
Most Big School Districts Aren’t Ready to Reopen. Here’s Why.;7;15
Why We’re Losing the Battle With Covid-19;7;14
America’s Governors Get Tested for a Virus That Is Testing Them;7;13
A Spellbinding Debut Leaps Across Genres to Recreate the Confusion of Trauma;7;24
Houston Mayor Cancels Texas G.O.P. Convention, Calling It ‘Public Health Risk’;7;8
In West Texas, Lingering Distrust in Public Health Measures as Virus Spreads;7;4
Governor Orders Texans to Wear Masks as Virus Cases Surge;7;2
Texas Governor Reverses Course and Orders Face Masks;7;2
In Texas, Voting Reflects Partisan Split Over How to Deal With Virus;6;29
How Texas Swaggered Into a Coronavirus Disaster;6;28
Can You Lead in a Pandemic Without Picking Sides? Greg Abbott Is Trying;4;4
Texas Pauses Reopening as Virus Cases Soar Across the South and West;6;25
‘Very Harsh Indeed’;6;26
Still Reeling From Oil Plunge, Texas Faces New Threat: Surge in Virus Cases;6;25
Virus Cases Are Soaring in Texas. But Closing Down Again Is a ‘Last Option.’;6;24
Majestic Icon or Invasive Pest? A War Over Australia’s Wild Horses;6;28
New York, California and Texas Governors Show Support for Return of Pro Sports;5;18
Coronavirus Testing Used by the White House Could Miss Infections;5;13
Here’s How One of the Rapid Tests Used by the White House Works;5;12
Businesses Chafing Under Covid-19 Lockdowns Turn to Armed Defiance;5;13
No, Your FOIA Request Cannot Wait ‘Until This Emergency Is Over’;5;12
Dallas Salon Owner Who Was Jailed for Reopening Is Released;5;7
Dallas Salon Owner Is Jailed for Defying Order to Stay Closed;5;6
What Is New York Without New York Bars?;5;21
Trump Praises Barr and Revels in Dismissal of Charges Against Flynn;5;8
‘It’s Time to Set a New Course’: Texas Governor Outlines Reopening Plan;4;27
Was That a Cough? Going Back to the Movies in Texas;5;2
‘A Nightmare’: Losing a Home to Australia’s Fires, Then Locked Down by a Virus;5;10
Texas Republicans Have Spectacularly Failed the Coronavirus Test;4;16
The Virus Won’t Revive F.D.R.’s Arts Jobs Program. Here’s Why.;4;22
‘The Streets Look So Empty’: How a Child Killer Haunted My First Novel;5;1
In Sydney, the Magic Hour Means Noise. It’s Heavenly to Hear.;5;4
Red States Are Exploiting Coronavirus to Ban Abortion;4;7
Was Your State Ahead of the Coronavirus Curve?;4;9
Officials Say C.D.C. Errors Caused Testing Delays;4;18
Despite Promises, Testing Delays Leave Americans ‘Flying Blind’;4;6
Texas Governor Shuts State to Refugees, Using New Power Granted by Trump;1;11
Voter-advocacy groups in Texas sue to block an order limiting ballot drop-off locations.;10;2
Texas governor limits counties to one spot each for in-person ballot drop-offs.;10;2
Hallmark TV Chief Leaves After Dispute Over Same-Sex Wedding Ad;1;22
Citing security, Texas governor limits counties to one spot each for in-person ballot drop-offs.;10;1
Texas’s Supreme Court upholds extension of early voting but strikes down Houston’s plan to expand mail-in balloting.;10;7
Texas Tries to Balance Local Control With the Threat of a Pandemic;3;24
Quotation of the Day: Allies of Trump Start to Break Ranks on Virus;7;20
Why This Texas City Is Saying Yes to Refugees While the Governor Says No;1;21
‘A Quiet Place Part II’ First Trailer: Why Is It So Noisy?;1;1
Quotation of the Day: Fight Over Mail-In Ballots Has Shifted to Drop Boxes;10;14
A federal court upheld the Texas governor’s order limiting ballot drop boxes to one per county.;10;13
Coronavirus Sweeps Through a San Antonio Nursing Home;4;3
The White House relied on a rapid test, but used it in a way it was not intended.;10;2
In One Photo, Capturing the Devastation of Australia’s Fires;1;10
Hurricane Laura Strengthens in the Gulf and Rekindles Dread From Past Storms;8;26
Mask requirements at polling places lead to confrontations and lawsuits as infections rise.;10;29
On Politics: ‘Our Pearl Harbor Moment’;4;6
2 Police Officers Are Shot and Killed in McAllen, Texas;7;12
Brain-Eating Amoeba Found in Lake Jackson, Texas, Water Supply;9;28
She Had One Goal Before She Died: Finish That Last Marathon;2;7
Gulf Coast Evacuates in Anticipation of Hurricane Laura;8;25
‘Nobody Sees Us’: Testing-Lab Workers Strain Under Demand;12;3
I’m Dreaming of a Blue Texas;10;31
How Latinos Could Redefine the G.O.P. in Texas;11;2
Fires Left These Wallabies Nothing to Eat. Help Arrived From Above.;3;18
Reopening Plans Across U.S. Are Creating Confusing Patchwork;4;28
Companies ditch plans for rapid spit tests at home.;10;1
Weekly News Quiz for Students: Targeted Killing, Wildfires, Football Upset;1;7
Tokyo Marathon Restricted to Elite Athletes Over Coronavirus Outbreak;2;17
‘This is no time to let up,’ Kamala Harris tells Texas Democrats.;10;30
TV’s Horror Hosts: 70 Years of Screams and Cheese;10;30
A Dilemma in Texas;6;26
What’s Going On in This Picture? | Feb. 10, 2020;2;9
‘Possessor’ Review: It’s by a Cronenberg, but Not the One You Think;10;1
What’s Going On in This Picture? | Jan. 27, 2020;1;27
In hot spots around the country, hospitals are reaching their limits.;10;25
In Texas, 6 Critically Ill Covid-19 Patients Would Overwhelm This Hospital;6;24
‘The Dark and the Wicked’ Review: Home, but Not Alone;11;5
Revisiting American Short Stories Selected by John Updike;1;3
From School Boards to the Senate, All Politics Is Virus Politics in 2020;10;14
Murder Trial of Russian Ex-Agents Opens for Downed Malaysia Airlines Flight;3;9
That Airport Spa? It’s a Coronavirus Testing Clinic;10;7
A Texas-Size Reopening Has Many Wondering: Too Much or Not Enough?;5;1
A surge in hospitalizations is straining some U.S. health care facilities.;10;26
M.L.B. Will Allow Fans at World Series and N.L. Championship Series;9;30
Is Texas Big Enough for Ted Cruz and Bernie Sanders?;3;2
White House Rattled by a Military Aide’s Positive Coronavirus Test;5;7
The Coronavirus Has Found a Safe Harbor;12;18
A Lucky Country Says Goodbye to the World’s Longest Boom;3;27
5 Hurt in Texas Park Crowded With Hundreds of People, Police Say;5;11
Could Trump still spread the coronavirus? Probably not, experts say.;10;15
The White House physician says Trump has tested negative, but experts warn about trusting the results.;10;13
Elite Prep Schools, Set Back by Virus, Face a Quandary on Federal Aid;4;29
Lost Teenager Found After Spending 9 Days in Washington State Forest;8;5
Trump Wants Schools to Reopen. Americans Worry It’ll Happen Too Fast.;7;24
Biden Hits Trump’s Coronavirus Response: ‘He’s Worried About Looking Bad’;6;25
Houston Moves to ‘Severe’ Covid Warning. Will Enough People Listen?;6;27
Tornadoes Tear Through Oklahoma, Louisiana and Texas, Killing at Least 7;4;22
Texas Allows Abortions to Resume During Coronavirus Pandemic;4;23
The big question for the U.S. vaccine campaign: Who’s next?;12;27
Leaders Re-examine U.S. Reopenings as Coronavirus Cases Hit Another Record;6;27
U.S. Governors, at Center of Virus Response, Weigh What It Will Take to Reopen States;4;14
Texas Has Too Many Cases to Reopen, Governor Warns;8;11
Marco Spares Gulf Coast, Which Is Bracing for Tropical Storm Laura;8;24
How to Protect Yourself From Real Estate Scams;1;3
Conservatives Fuel Protests Against Coronavirus Lockdowns;4;18
F.C. Dallas Withdraws from M.L.S. Tournament Because of Virus Cases;7;6
In Houston, Thousands Wait in the Heat to Pay Respects to George Floyd;6;8
Coronavirus Briefing: What Happened Today;6;25
Judge Halts Trump Policy That Allows States to Bar Refugees;1;15
Suspect Is Charged in Shooting of 2 Louisville Police Officers;9;24
Marlene Sekaquaptewa, Hopi Tribal Leader and Quiltmaker, Dies at 79;7;24
M.L.S. Hits Two Milestones: 25 Years and 26 Teams;2;28
As Australia Burns, a Climate-Change Denier Rallies the Troops;1;22
‘This Is a War’: Cross-Border Fight Over Water Erupts in Mexico;10;14
On Politics: Stay at Home? States Can’t Agree;5;14
A Police Officer Is Killed and Another Is Wounded in Houston;10;20
Wednesday’s Livestreaming Events: Jewel on Self-Care and Margaret Atwood’s Fables;5;6
‘It’s a Slap in the Face’: Victims Are Angered as Jails Free Inmates;4;24
Rave Under the Kosciuszko Bridge: Are Illicit Parties Endangering N.Y.C.?;8;8
White House Races to Contain Virus in Its Ranks: ‘It Is Scary to Go to Work’;5;10
All Eyes on Bars as Virus Surges and Americans Go Drinking;7;2
Facial Recognition Moves Into a New Front: Schools;2;6
Hurricane Hanna Hits Texas Region Struggling With Coronavirus;7;25
As the Coronavirus Comes to School, a Tough Choice: When to Close;8;3
Texas Judge Rules That Hospital Can Take Baby Off Life Support;1;2
White House, Under Fire for Discouraging Coronavirus Testing, Says It Will Buy Millions of Test Kits;8;27
‘If You’re Not Sweating’ in This Town, ‘There’s Something Wrong’;3;12
As Georgia Reopens, Virus Study Shows Black Residents May Bear Brunt;4;30
Could Trump Still Spread the Coronavirus? Probably Not, Experts Say;10;15
World War C;6;30
Boston Marathon Canceled for the First Time;5;28
Fight Over Texas Abortion Ban Reaches Supreme Court;4;11
Boston and London Marathons Postponed Until Fall;3;13
‘Like Licking an Ashtray’: Fires’ Invisible Threat to Australia’s Wines;3;6
The Voting Suppression Tipping Point;10;29
Why These Protesters Aren’t Staying Home for Coronavirus Orders;4;23
Governors Fight Back Against Coronavirus Chaos: ‘It’s Like Being on eBay With 50 Other States’;3;31
The Trumps Test Positive;10;2
When Trump Is Watching, Governors’ Decisions Are Never Open-and-Shut;4;23
Like ‘a Bus Accident a Day’: Hospitals Strain Under New Flood of Covid-19 Patients;7;9
Why New Jersey’s Plan for In-Person Schooling Is Falling Apart;8;28
Capitol Lacks Tests for Returning Senators While White House Tests Many in Trump’s Circle;5;1
The Open Road Calls, but Authorities Say ‘Stop’;4;6
How Abortion, Guns and Church Closings Made Coronavirus a Culture War;4;20
Win or Lose, Trump and Biden’s Parties Will Plunge Into Uncertainty;11;2
After War Between Armenia and Azerbaijan, Peace Sees Winners and Losers Swap Places;11;15
Disney World Is Reopening, but You Won’t Be Able to Hug Mickey;5;27
Trump Threw Weighty Refugee Decisions to Local Government, With Painful Results;2;1
Trump Administration Signals Support for Allies’ Fight Against Virus Orders;4;29
Can This Relationship Be Saved? Big Tech and Big Advertisers Talk It Over.;8;19
Texas Man Surrenders to Police, Ending 16-Hour Standoff;8;17
Ken Spears, Partner in an Animation Powerhouse, Dies at 82;11;19
Chip Roy, Combative Republican, Fends Off Challenge to Hold House Seat in Texas;11;4
3 Storms Churn Across the Atlantic and Pacific Oceans;7;24
She Owns the Boutique Bird. These Are Her 5 Places to Shop in Los Angeles.;1;24
Texas and Ohio Include Abortion as Medical Procedures That Must Be Delayed;3;23
Some Republicans Aren’t in Denial About the Virus. Trump Still Is.;6;23
Atget’s Paris, 100 Years Later;5;27
When the Mall Reopened, She Was Ready;5;11
Officials Warn of ‘Catastrophic Storm Surge’ With Hurricane Laura;8;26
Daily Coronavirus Cases in the U.S. Soar Past 50,000 for the First Time;7;2
In Rural Virginia, a Militia Tries to Recruit a New Ally: The County Government;10;28
Mask Rules Expand Across U.S. as Clashes Over the Mandates Intensify;7;16
As Hospitalizations Soar, El Paso Brings In New Mobile Morgues;11;11
A Step Toward 51;6;26
Trump Encourages Protest Against Governors Who Have Imposed Virus Restrictions;4;17
Coronavirus Cases in U.S. Are Rising, Even as Death Rates Trend Down;7;3
Why Is OSHA AWOL?;6;21
I Took the Antibody Test. And Yet.;4;15
Trump’s Evil Is Contagious;1;17
Joe Ruby, a Creator of ‘Scooby-Doo,’ Is Dead at 87;8;31
F.D.A. Orders Companies to Submit Antibody Test Data;5;4
Picture Books That Set a Child’s Imagination Free;1;31
Tropical Storm Gonzalo Expected to Become 2020’s First Atlantic Hurricane;7;23
How a Voice of Female Gen X Anxiety Spends Her Sundays;1;3
As Trump Ignores Virus Crisis, Republicans Start to Break Ranks;7;19
The Illusion of Safety;10;5
‘Feeling Like Death’: Inside a Houston Hospital Bracing for a Virus Peak;6;29
N.Y.C. Death Toll Hits 365 as Case Count Tops 23,000;3;26
Why the Fires in Australia Are So Bad;1;1
Viola Smith, ‘Fastest Girl Drummer in the World,’ Dies at 107;11;6
Coronavirus Briefing: What Happened Today;8;28
Trump Threatens to Leave W.H.O. and Permanently End Funding;5;18
Texas Sets Another Record as Governor Urges Residents to Stay Home;6;23
U.S. Cases Reach New Record;6;30
Children Produce Weaker Coronavirus Antibodies, Study Finds;11;5
The ‘Trump Won’ Farce Isn’t Funny Anymore;12;11
What’s on TV This Week: ‘Big Sky’ and ‘Between the World and Me’;11;16
Nevada Revokes Halt on Rapid Antigen Testing in Nursing Homes;10;10
Are You Paying Extra for Eggs? Lawsuits Accuse Producers of Price Gouging;5;6
Coronavirus Briefing: Tips for a Safe Fourth of July;7;2
The Fires Are Out, but Australia’s Climate Disasters Aren’t Over;2;23
Death and Texas;6;5
Almost 500 Million Children Are Cut Off From School in Pandemic, Report Says;8;26
U.S. Hits Another Record for New Coronavirus Cases;6;26
I’m Not Ready to Go Back to Restaurants. Is Anyone?;6;30
As Pandemic Wrecks Budgets, States Cut and Borrow to Balance Books;5;14
NBC Faces Blowback for Holding Trump’s Town Hall Opposite Biden’s;10;14
Coronavirus Briefing: What Happened Today;7;23
Coronavirus Briefing: What Happened Today;7;15
Horses and Reporting in the Field;6;26
On Monday, Trump Updated the Nation on Virus Strategy. By Friday, He Tested Positive.;10;2
C.D.C.’s ‘Clarification’ on Coronavirus Testing Offers More Confusion;8;27
F.D.A. Clears First Home Saliva Test for Coronavirus;5;8
Less Is More as an Art Museum Reopens;5;23
Trump Expresses Outrage at Having to ‘Close the Country’ to Slow Virus;3;24
Fires Threaten Australian Towns That Have Already Burned Once;1;10
‘Nowhere Else to Go’: Some Defy Warnings to Flee Australian Fires;1;3
Companies Ditch Plans for Rapid Coronavirus Spit Tests at Home;10;1
Small Business, Texas, Vaccine: Your Monday Evening Briefing;4;27
National Guard Readies for Election Day Deployment;11;2
Edith Raymond Locke, Mademoiselle Editor in the 1970s, Dies at 99;9;22
Tribe in South Dakota Seeks Court Ruling Over Standoff on Blocking Virus;6;24
In Charlie Kaufman’s Novel, a Comic Hero Is Haunted by a Lost Film;7;8
‘Bubbles’ Are Working. But How Long Can Sports Stay Inside?;7;30
As Cases Surge, Pence Misleads on Coronavirus Pandemic;6;26
‘Homeland Elegies’ Sings for a Fading Dream of National Belonging;9;10
Coronavirus Surge, Afghanistan, Pride Month: Your Friday Evening Briefing;6;26
Louisiana Braces as Hurricane Marco Approaches With a Stronger Storm Right Behind It;8;23
‘Homeland Elegies’ Sings for a Fading Dream of National Belonging;9;10
Coronavirus Surge, Afghanistan, Pride Month: Your Friday Evening Briefing;6;26
Why Trump is Pushing for Higher Oil Prices;4;13
Trump Reiterates Plan to Send Federal Agents to Democratic-Led Cities;7;22
See Which States and Cities Have Told Residents to Stay at Home;3;24
The Springs Ran Dry. Then This Australian Town Burned.;1;6
Phoenix Mayor Says FEMA Refused to Help With Testing;7;5
Texas, Unemployment, ‘Hamilton’: Your Thursday Evening Briefing;6;25
California Becomes First State to Report 600,000 Coronavirus Cases;8;13
What to Know About California’s Testing Expansion;4;24
The Real Tragedy of Not Having Enough Covid-19 Tests;4;6
Should Wine Be Among Your Health Resolutions?;12;31
The Fight Over Absentee Ballots Intensifies Around Drop Boxes;10;13
Campaign rallies, Trump properties, Hurricane Delta: Your Weekend Briefing;10;11
The Great Empty;3;23
N.Y. Will Impose Quarantine on Visitors From States With Big Outbreaks;6;24
Few Virus Cases, but Austin Is Reeling ‘As If a Tornado Came Through’;3;13
Pence Will Control All Coronavirus Messaging From Health Officials;2;27
Trump’s Big (Risky?) Return;10;13
U.K.’s New Immigration Rules Will Restrict Low-Skilled Workers;2;19
Mike Pence, Hurricane Laura, Kenosha: Your Wednesday Evening Briefing;8;26
Coronavirus, State of the Union, Iowa: Your Wednesday Briefing;2;4
$4.5 Million Homes in California;10;12
A ‘Rare Bird’ Among Art Collectors Expands His Reach;9;14
Conflicting Virus Data in Texas Raises Distrust of the Government;9;13
Fourth of July, Jobs, Maya Moore: Your Thursday Evening Briefing;7;2
Americans Face New Virus Limbo as Some Reopenings Are Halted;6;24
Herd Immunity, or Big 2nd Wave? Israel Antibody Testing Hopes to Find Out;5;5
Hollywood’s Comeback Stalls as ‘Tenet’ Is Delayed Again;6;25
Total Number of Confirmed Deaths in U.S. Surpasses Italy;4;11
‘White Australia’ Policy Lives On in Immigrant Detention;9;20
Google Employees Are Free to Speak Up. Except on Antitrust.;10;13
Reopening Prompts New Agitation Over Workers’ Virus Exposure;5;12
Seriously, Just Wear Your Mask;7;3
With Unemployment Offices Busy, Recovery Seems a ‘Long Haul’;6;25
Your Thursday Briefing;5;13
Fourth of July Celebrations Dulled by Soaring Coronavirus Cases;7;4
State of the Union Address, Impeachment, Iowa: Your Wednesday Briefing;2;5
The Global Death Toll Now Tops 500,000;6;28
With Unemployment Offices Busy, Recovery Seems a ‘Long Haul’;6;25
How Confident Can You Be in a Coronavirus Test?;12;23
12 New Books We Recommend This Week;7;30
Coronavirus Briefing: What Happened Today;5;14
Despite Masks’ Proven Value, Some U.S. Leaders Avoid Mandates;7;19
The End of Australia as We Know It;2;15
Cities on Edge as Fires Burn Near White House;5;31
Reducing Fire, and Cutting Carbon Emissions, the Aboriginal Way;1;16
Daily Coronavirus Testing at Home? Many Experts Are Skeptical;9;6
Louie Gohmert’s Coronavirus Case Reveals a Dangerous Reality in Congress;7;30
If a Zoom Wedding Isn’t for You, Here’s How to Plan For Later;7;4
How a City Once Consumed by Civil Unrest Has Kept Protests Peaceful;6;1
Goldman’s Playbook for More Diverse Corporate Boards;1;24
Empowered by an Odds-Defying Win, Susan Collins Is Ready to Deal;11;27
‘Welcome to Texas!’: Musk’s California Departure Stokes the States’ Rivalry;12;10
Coronavirus, Texas, Paycheck Protection Program: Your Tuesday Briefing;4;28
The Virus Found a Crowded Houston Neighborhood, Sparing One Nearby;7;21
High School Sports Pushed Out of Bounds by the Pandemic;4;26
Iran, Meghan Markle, Ireland: Your Monday Briefing;1;13
Coronavirus Briefing: What Happened Today;4;13
‘Welcome to Texas!’: Musk’s California Departure Stokes the States’ Rivalry;12;10
A Rapid Virus Test Falters in People Without Symptoms, Study Finds;11;2
Despite Billions in Fees, Banks Predict Meager Profits on P.P.P. Loans;10;1
‘Testing Hell’: Gift of Devices to Nursing Homes Brings New Problems;9;29
Public Schools Face Funding ‘Death Spiral’ as Enrollment Drops;12;22
Game Day in Green Bay: Empty Sports Bars, Full Hospitals;10;25
Christchurch, Hurricane Laura, Wisconsin Protests: Your Thursday Briefing;8;27
N.Y. Schools Can Reopen, Cuomo Says, in Contrast With Much of U.S.;8;7
As States Reopen, Governors Balance Existing Risks With New Ones;5;17
Many G.O.P. Governors Avoid Stating Plainly That Biden Won;11;18
Fox’s Arizona Call for Biden Flipped the Mood at Trump Headquarters;11;4
Biden’s Call for ‘National Mask Mandate’ Gains Traction in Public Health Circles;10;29
Your Friday Briefing;9;17
What Arizona’s Tenuous Virus Plateau Could Teach Us;7;24
‘I Can’t Keep Doing This:’ Small-Business Owners Are Giving Up;7;13
New Numbers Showing Coronavirus Spread Intrude on a White House in Denial;6;26
New Coronavirus Cases in U.S. Soar Past 68,000, Shattering Record;7;10
Australia’s Volunteer Firefighters Are Heroes. But Are They Enough?;2;2
Trump Says Task Force Will Wind Down;5;5
California Governor Orders All Residents to Stay Home;3;19
A New Generation of Fast Coronavirus Tests Is Coming;7;6
‘We Are Definitely Not Out of the Woods’;6;25
Charting a Coronavirus Infection;10;3
Fires, Blackouts, a Heat Wave and a Pandemic: California’s ‘Horrible’ Month;8;19
Interested in a Short-Term Rental for Social Distancing? Be Prepared to Stay Longer;4;16
With ‘The Searcher,’ Tana French Ventures Into New Territory;10;4
Wartime Production Law Has Been Used Routinely, but Not With Coronavirus;3;31
The Fight Over Voting;10;28
Holdout States Resist Calls for Stay-at-Home Orders: ‘What Are You Waiting For?’;4;3
Florida Governor, at Long Last, Orders Residents to Stay Home to Avoid Coronavirus;4;1
‘Small Town, No Hospital’: Covid-19 Is Overwhelming Rural West Texas;12;9
Democrats Hope 2020 Is the Year They Flip the Texas House;10;25
European Tourism, Fed Warning, Matt Damon: Your Thursday Briefing;5;14
As Trump Sows Doubts on Mail, Some Democrats Push In-Person Voting;10;1
How Democrats Suffered Crushing Down-Ballot Losses Across America;11;28
Why Are Republicans So Afraid of Voters?;11;1
Houston Bids Goodbye to George Floyd, Whose Killing Galvanized a Movement;6;9
Pete Buttigieg, Coronavirus, Tesla: Your Wednesday Briefing;2;5
Here’s Why Distribution of the Vaccine Is Taking Longer Than Expected;12;31
The Latest Vaccine News Doesn’t Tell the Full Story;11;17
Trump’s Nominee Gets a Hearing and the Town Hall Divide: This Week in the 2020 Race;10;17
Coronavirus Briefing: What Happened Today;5;1
Iran Protests, Taiwan Elections, Megxit: Your Monday Briefing;1;12
U.S. States Backtrack on Reopening as Coronavirus Cases Climb;6;27
University of Michigan to Drop Out as Presidential Debate Host;6;22
Democrats Unveil Police Reform Bill;6;8
With the Federal Health Megaphone Silent, States Struggle With a Shifting Pandemic;6;18
It Calls Itself the Energy Capital. Now It Faces 2 ‘Horrifying’ Crises.;4;27
Texas Is a Tossup. So Why Won’t Trump or Biden Campaign There?;10;29
The Best Movies and TV Shows New on Netflix Canada in March;3;2
Trump Told Supporters to ‘Watch’ Voting. His Staff Is More Than Watching.;10;9
Frustrated by Crowds, Coastal States Weigh What to Do About Beaches;4;30
Trump Reveals the Truth About Voter Suppression;4;11
With Black Voters and a Suburban Surge, Joe Biden Took Texas;3;4
‘We’re Clearly Not Doing Enough’: Drop in Testing Hampers Coronavirus Response;8;15
This College Football Team Had No Coronavirus Cases at First. Then It Shut Down.;6;25
Ken Paxton Fought Trump’s Legal Wars From Texas. Now He’s in Trouble.;11;11
Hawaii’s Reopening May Be Good for Tourism. Is it Good for Locals?;11;6
Fauci Says Virus Cases ‘Never Got Down to Where We Wanted to Go’ as Deaths Pass 130,000;7;6
Exploring James Baldwin’s Old Haunts in New York and Paris;12;17
Latinos in Some States Have Seen Higher Rates of Infection;5;7
Entertainment Is Power in Push for Racial Justice;8;27
Americans Surge to Polls: ‘I’m Going to Vote Like My Life Depends on It’;10;31
Live: Utah State Primary Election Results 2020;6;30
Tracking the White House Coronavirus Outbreak;10;2
The Time for TikTok’s Talks Is Ticking Down;8;28
The Coronavirus Is Deadliest Where Democrats Live;5;25
Ford Joins Effort to Make Ventilators;3;30
Testing Results Take Too Long, U.S. Official Concedes;7;26
Wisconsin Supreme Court Strikes Down Stay-at-Home Order;5;13
Hurricane Laura Kills at Least 6 People in Louisiana;8;27
Live: Iowa State Primary Election Results 2020;6;24
C.D.C.’s Contentious Testing Guidance on Covid-19 Was Not Written by Its Scientists;9;17
Disney Postpones Some Resort Reopenings;6;24
Now You Know: A Critic’s Guide to Sondheim;3;12
The Next Gauge of the Economy Will Be Corporate Earnings;4;10
How to Actually Talk to Anti-Maskers;7;22
F.D.A. Clears First Home Saliva Test; Pence’s Press Secretary Has Virus;5;8
Texas and Ohio Push to Reopen; White House Promises to Help States Test;4;27
Trump Insists He Has ‘Total’ Authority to Supersede Governors;4;13
‘You Do the Right Things, and Still You Get It’;7;26
Live: Indiana State Primary Election Results 2020;6;24
Testing Remains Scarce as Governors Weigh Reopening States;4;25
51 Judges Named by Trump;3;14
Rivers Solomon: ‘Prudent Girls,’ a Short Story;7;8
A Record 5.4 Million Americans Have Lost Health Insurance, Study Finds;7;13
100 Years Ago, ‘Crazy Blues’ Sparked a Revolution for Black Women Fans;8;10
‘People of Color’ Do Not Belong to the Democratic Party;11;20
Trump Administration Aims to Block New Funding for Coronavirus Testing and Tracing;7;18
Britain’s Contact Tracing for Coronavirus Falls Short of Promises;6;17
Honduran President Tests Positive;6;16
U.S. Coronavirus Cases Soar as 18 States Set Single-Day Records This Week;7;25
Louisiana Orders Bars Closed and Masks for Most;7;11
As Coronavirus Slams Houston Hospitals, It’s Like New York ‘All Over Again’;7;4
The Anxious Person’s Guide to the 2020 Election;10;27
Live: Montana State Primary Election Results 2020;6;24
Global Coronavirus Cases Surge, Stinging Even Places That Seemed to Have Control;7;23
U.S. Hits Another Record for New Coronavirus Cases;7;9
See Coronavirus Restrictions and Mask Mandates for All 50 States;4;25
Live: Maine State Primary Election Results 2020;7;14
Alabama Votes for Tommy Tuberville, and Democrats Name a Challenger in Maine;7;14
Suspect Is Charged With Arson in Oregon Wildfire;9;11
Six Months of Coronavirus: Here’s Some of What We’ve Learned;6;1
260,000 Words, Full of Self-Praise, From Trump on the Virus;4;27
Outbreak Strikes Seattle Area as Testing Is Scrutinized;3;2
Trump, in a Departure, Says Virus Will Get Worse;7;21
White House Adviser Warned of Risks of Pandemic; Trump Misleads on Testing;4;6
Some Republicans Say Florida Convention Is ‘a Risk You Have to Take’;7;13
What You Need to Know About Getting Tested for Coronavirus;12;10
U.S. Sets Record for Daily New Cases as Virus Surges in South and West;6;24
The Lost Month: How a Failure to Test Blinded the U.S. to Covid-19;3;28
As Hot Spots Shift, Pandemic Enters a New Phase;5;28
Live: New Hampshire State Primary Election Results 2020;9;8
Germany Starts Broad Antibody Testing to Assess Spread of Coronavirus; Israel Relaxes Restrictions;4;18
Trump Aides Undercut Fauci as He Raises Alarm;7;12
Trump Foments Protests Against Governors; Experts Warn of Testing Shortages;4;17
What Is Celebrity?;9;14
Pence Tells Governors to Repeat Misleading Claim on Outbreaks;6;15
Trump Hosts July 4 Event at White House as U.S. Coronavirus Cases Soar;7;4
U.S. Reports Nearly 50,000 New Coronavirus Cases, Another Single-Day Record;7;1
U.S. Reports Nearly 50,000 New Coronavirus Cases, Another Single-Day Record;7;1
U.S. Shatters Its Record of New Coronavirus Infections as India’s Caseload Hits a Million;7;16
C.D.C. Recommends Wearing Masks in Public; Trump Says, ‘I’m Choosing Not to Do It’;4;3
Faces of Power: 80% Are White, Even as U.S. Becomes More Diverse;9;10
A Year Like No Other: 2020 in Pictures;12;9
As Governors Plead for Tests, Trump Promises Ventilators to Europe;3;30
Abortion and the Virus;4;10
Chief Justice Roberts’s Vote in an Abortion Case;6;30
