Managing Movie Superheroes Is About to Get a Lot More Complicated;12;27
When Sports Made Us Happy in 2020;12;30
Bollywood, Reeling From the Pandemic, Shifts to Streaming;12;24
‘Soul’ Features Pixar’s First Black Lead Character. Here’s How It Happened.;12;22
‘On Pointe’: The Real-Life Adventures of Some Very Young Dancers;12;17
‘Fantasia,’ ‘Snow White,’ Betty Boop, Popeye and the First Golden Age of Animation;12;16
Apple TV Was Making a Show About Gawker. Then Tim Cook Found Out.;12;13
This Blockbuster Is Coming to a Living Room Near You;12;12
TikTok ‘Ratatouille’ Musical to Be Presented as Benefit Performance;12;9
Being Boba Fett: Temuera Morrison Discusses ‘The Mandalorian’;12;7
The Window on New Movie Releases Finally Shatters;12;4
The Best Movies and TV Shows Coming to Amazon, HBO Max, Hulu and More in December;12;1
On TikTok, Fans Are Making Their Own ‘Ratatouille’ Musical;11;30
Taylor Swift Illuminates ‘Folklore’ in a Stripped-Down Studio Concert;11;26
‘Never Think That You’re Not Supposed to Be There’;11;24
Disney+ Passes 73 Million Subscribers as Streaming Takes Center Stage;11;12
Go Ahead, Binge Old Movies and Jam Out to ’90s Hits;11;10
ESPN to Lay Off 300 Employees;11;5
‘The Mandalorian’ Season Premiere Recap: Back in the Saddle With Baby Yoda;10;30
Disney Adds Warnings for Racist Stereotypes to Some Older Films;10;19
Disney Reorganization Puts a Sharper Focus on Streaming;10;12
Disneyland and Other California Theme Parks Get Rules for Reopening;10;21
At Disney World, ‘Worst Fears’ About Virus Have Not Come True;10;9
How Much Do You Really Miss Going to the Movies?;10;16
The Market Sees Blue;10;13
Disney Lays Off 28,000, Mostly at Its 2 U.S. Theme Parks;9;29
11 Reality Shows to Watch With Your Older Kids;10;8
A New Activist Playbook;10;8
Dividend Funds Can Add Income, and Risk, to Your Portfolio;10;8
The Best Movies and TV Shows Coming to Hulu, Amazon and More in October;9;30
Timeline: A Year That Changed the N.B.A.;9;30
What I Learned Inside the N.B.A. Bubble;9;30
After Brief TikTok Run, Kevin Mayer Is in Talks to Join Investment Firm;9;24
Disney Wanted to Make a Splash in China With ‘Mulan.’ It Stumbled Instead.;9;12
Imagined as a Blockbuster in China, ‘Mulan’ Fizzles;9;14
The 50 Best TV Shows and Movies to Watch on Disney+ Right Now;9;4
Kenny Ortega, Teen Whisperer;9;9
Why Calls to Boycott ‘Mulan’ Over Concerns About China Are Growing;9;8
‘Mulan’ 1998: A Moment of Joy and Anxiety for Asian-American Viewers;9;4
‘Mulan’ Review: A Flower Blooms in Adversity (and Kicks Butt);9;3
Mulan, a Most Adaptable Heroine: There’s a Version for Every Era;9;3
The True Cost of Life in the N.B.A. Bubble;9;2
Disney, Staggered by Pandemic, Sees a Streaming Boom;8;4
A Pandemic-Proof Bubble?;8;21
After Agnes Chow Is Arrested in Hong Kong, a ‘Mulan’ Meme Is Born;8;13
Postponed College Football Games Could Disrupt $1 Billion in TV Ads;8;12
Stephen Curry Has ‘Major FOMO’ in Life Outside the N.B.A. Bubble;8;10
The N.B.A.’s ‘Yacht Club Six’ Seek Respect and a Lifeline;8;9
What It’s Like to Be a Virtual N.B.A. Fan;8;7
‘Howard’ Review: A Lyricist’s Life Cut Short;8;6
This Year’s Must-Have Back-to-School Item: Masks for Children;8;6
The Milwaukee Bucks Are Ready for a Long Stay in the Bubble;8;5
Disney World Reopens With New Safety Measures;7;13
Hong Kong Disneyland to Close Again, Days After Disney World Reopens;7;13
Disney Cuts Ties With ABC News Executive Over ‘Racially Insensitive’ Remarks;7;21
Disney World Opens Its Gates, With Virus Numbers Rising;7;11
Disney World Draws Excitement and Incredulity as Reopening Nears;7;8
Lin-Manuel Miranda and Disney: Timeline of a Collaboration;7;3
As N.B.A. Teams Arrive at Disney, Focus Turns to Keeping the Virus Out;7;7
Kaepernick’s Deal With Disney Includes a Jemele Hill Project at ESPN;7;7
Muppet Meta Mania, Revived for the Streaming Era;7;31
Beyoncé’s ‘Black Is King’: Let’s Discuss;7;31
The Best Movies and TV Shows Coming to Netflix, Amazon and More in August;7;31
Beyoncé’s ‘Black Is King’ Is No Secret, but Still Comes With Mystery;7;30
8 Factors in the N.B.A.’s Return That May Upend Expectations;7;29
Emmys 2020 Snubs and Surprises: Baby Yoda Breaks Through;7;28
Netflix Breaks HBO’s Record for the Most Emmy Nominations Ever;7;28
7 Things to Do This Weekend;7;30
For the N.B.A., a Long, Strange Road Trip to the Finals;7;27
Disney’s Splash Mountain to Drop ‘Song of the South’ Depictions;6;25
It’s Time to Re-Re-Re-Meet the Muppets;7;23
Disney Exits Language School Business in China, Citing Coronavirus;6;23
Getting Used to the New N.B.A.;7;22
No Bleach and Dirty Rags: How Some Janitors Are Asked to Keep You Virus-Free;7;17
Disney’s Head of Streaming Is New TikTok C.E.O.;5;18
Extending Cruise Ban, C.D.C. Slams Industry for Spreading Coronavirus;7;16
Matisse Thybulle Is the Breakout (Mini-Movie) Star of the N.B.A. Bubble;7;16
Jimmy Kimmel Does What He Can to Help Disney Attract Advertisers;6;5
For Walt Disney Co., a Stricken Empire;5;4
Hollywood Stays Away From Facebook Ad Boycott;7;15
Disney Takes a Pandemic Hit, and There’s Worse to Come;5;5
N.B.A. in Talks to Resume Season at Walt Disney World Resort;5;23
Disney World Is Reopening, but You Won’t Be Able to Hug Mickey;5;27
May the Fourth Be With Disney (Terms and Conditions Apply);4;28
Snapchat Expands Deals With N.F.L., Disney and Others;6;11
Disney Closes ‘Frozen’ on Broadway, Citing Pandemic;5;14
Disney World Furloughing 43,000 Workers;4;12
News Quiz: China, Twitter, Disney;7;17
Man Camped on Disney World Island at Shuttered Park, Police Say;5;3
Coronavirus Briefing: What Happened Today;7;10
Center Stage at Disney After a Career Out of the Spotlight;2;27
Disney Plus Racks Up 28.6 Million Subscribers;2;4
A Lot of Athletes Seem to Have the Coronavirus. Here Are Some Reasons.;7;10
Disney Postpones Some Resort Reopenings;6;24
Debating ‘Hamilton’ as It Shifts From Stage to Screen;7;10
Would You Work for Nothing at Disney? 10,000 Superfans Applied;1;8
Why the N.B.A. Is Planning on Going to Disney World;6;2
Bob Iger Thought He Was Leaving on Top. Now, He’s Fighting for Disney’s Life.;4;13
Disney Plus Racks Up 50 Million Subscribers in 5 Months;4;9
Game Time Beer? For M.L.S., Make That a Kickoff Cappuccino;7;9
‘Hamilton,’ ‘The Simpsons’ and the Problem With Colorblind Casting;7;8
News Quiz: Coronavirus, Walt Disney, Little Richard;5;15
The Dangers of the N.B.A.’s Short Run-Up to the Restart;7;8
In Disney Races, Cartoonish Gear Is the Front-Runner;1;11
Disney Parks and Cruise Line Will Close in Response to Coronavirus;3;12
Unions signal their comfort with reopening Disney parks in California.;10;19
Disney C.E.O. Bob Iger Hands Keys to Magic Kingdom to Its 7th Chief;2;25
Disney Drops Fox From Names of Studios It Bought From Rupert Murdoch;1;17
U.F.C. 249 Is Off After Requests From California, Disney and ESPN;4;9
N.B.A. Team Owners to Vote on 22-Team Plan to Resume Season;6;3
Disney C.E.O. Apologizes to P.T.A. Asked to Pay After ‘Lion King’ Screening;2;5
Italy’s Outdoor Summer Movies See Threat From Ailing Film Industry;7;5
Netflix Reports a Subscriber Bump as Disney Poses a New Threat;1;21
‘Hamilton’ Movie Will Stream on Disney Plus on July 3;5;12
N.B.A. Owners Set a July 31 Restart, All in Florida;6;4
Ann Sullivan, Animator of Disney Hits, Dies at 91;4;21
Virus Deaths, Migration, Disney: Your Monday Evening Briefing;5;4
Coronavirus, United Kingdom, Disney Plus: Your Tuesday Briefing;3;24
Trump’s Attack on Fauci;10;20
We Got ‘Hamilton.’ Why Can’t We Stream Every Broadway Show?;7;3
Disney delays release of ‘Mulan’ and pushes back ‘Star Wars’ and ‘Avatar’ films.;7;24
With Disney, a Manhattan Neighborhood Reinvents Itself;3;3
What’s on TV This Week: ‘Your Honor’ and ‘The Disney Holiday Singalong’;11;30
The Best Movies and TV Shows Coming to Netflix, Amazon and More in July;7;1
‘If I’m Going to Get Sick and Die, I Might as Well Do It at Disney World’;3;12
‘Hamilton’ Review: You Say You Want a Revolution;6;30
Brandy Houser, Hospice Care Consultant Who Loved Disney, Dies at 41;11;30
‘We Live From the Tourists’: Orlando Workers Face Virus’s Fallout;6;27
Five Years and 100-Plus Stories: What It’s Like Covering ‘Hamilton’;6;27
Despite Virus Spike, N.B.A. Is ‘Very Comfortable’ With Florida Plan;6;26
‘Hamilton’ Is Coming to the Small Screen. This Is How It Got There.;6;25
N.B.A. Ironmen Cling to Routine During the Load Management Era;6;25
Basketball’s Getting Close. But the Hoops Talk Will Have to Wait.;6;24
Shut Out of Disney World, Where Do These N.B.A. Teams Go Next?;6;6
Florida’s Virus Spike Gives N.B.A. Players One More Reason to Hesitate;6;22
Damian Lillard Gets Help Moving Portland Out of the Yacht Club;8;15
Florida Is a Popular Site for Pro Leagues. It’s Also a Virus Hot Spot.;6;18
Swabs and Sensors: Memos Offer Details of Life in N.B.A. ‘Bubble’;6;17
This Basketball Bubble Is Already Operational. Here’s What It’s Like.;6;17
‘Tenet,’ Expected to Signal Hollywood’s Return, Is Pushed Back;6;12
Fox News Host Tucker Carlson Loses More Advertisers;6;12
For Kevin Durant, a Rush to Return Had No Upside;6;10
As N.B.A. Mulled Return, Financial Needs Emerged as Central;6;5
The 6 N.B.A. Updates to Know;6;3
The Best Movies and TV Shows Coming to Netflix, Amazon and More in June;6;1
The N.B.A. May Return Too Soon;5;27
Pixar Short Film ‘Out’ Features Studio’s First Gay Main Character;5;24
Shanghai Disneyland Reopens With Strict Safety Procedures;5;11
Music, Theater and More to Experience at Home This Weekend;5;14
Private Equity Can’t Always Get What It Wants;5;6
U.F.C. Says Its Fights Are Back On, Next Month in Florida;4;24
Comfort Viewing: Three Reasons I Love the Movie ‘Tangled’;4;17
Labor Dispute Sinks Broadway Benefit for Pandemic Assistance;4;11
More Puzzles to Pass the Time;4;20
It’s a Streaming World After All: Scuttled Benefit Is Back.;4;13
Why Trump is Pushing for Higher Oil Prices;4;13
The Future That Hollywood Feared Is Happening Now;4;15
Will ‘Soul’ Put Pixar Back on Track? The Trailer Is Promising;3;12
‘Hamilton’ Movie, With Original Broadway Cast, to Hit Theaters Next Year;2;3
Movie Theater Owners: We Need a Bailout, Too;3;18
Glued to TV for Now, but When Programming Thins and Bills Mount …;3;17
A Tour of Burbank, Calif.;1;28
What’s on TV Friday: ‘Hollywood’ and ‘Prop Culture’;5;1
PGA Tour’s New TV Deal Indicates Value of Sports Rights Continues to Grow;3;9
Ripple, a cryptocurrency company, expects to be sued by the S.E.C.;12;22
A Concerto Is a Conversation;11;24
The Week in Business: It Was All About the Coronavirus;3;1
What Companies Are Telling Employees About the Coronavirus;2;27
‘The One and Only Ivan’ Review: A Gorilla With Heart;8;20
‘Hamilton’ Streams Today. Here’s How it Happened.;7;3
‘The Real Right Stuff’ Review: A Movie Still Waiting for Liftoff;11;20
Another Rocky Day in the Markets as the Coronavirus Spreads;2;26
‘Safety’ Review: It Takes a University to Raise a Child;12;11
Movie Crowds Stay Away. Theaters Hope It’s Not for Good.;3;15
These Companies Enriched Themselves. Now They’re Getting a Bailout.;3;27
The N.B.A. Is Coming Back. There Are 113 Pages of New Rules.;6;17
IBM, Marriott and Mickey Mouse Take On Tech’s Favorite Law;2;4
Pixar Pioneers Win $1 Million Turing Award;3;18
What Is Baby Yoda’s Real Name? Taika Waititi Knows;1;6
‘Godmothered’ Review: Revising the Fairy Tale Formula;12;4
Grace VanderWaal Doesn’t Want to Exist Without ‘Breakfast at Tiffany’s’;3;17
What’s on TV Friday: ‘Hoops’ and ‘The One and Only Ivan’;8;21
‘Timmy Failure: Mistakes Were Made’ Review: Kid Sleuth on the Case;2;6
Quotation of the Day: Welcome to the Happiest Place on Earth. Covid Testing Nightly.;7;15
Was Instagram the Steal of the Century?;2;5
Knicks Among 8 N.B.A. Teams Allowed to Create Home City Bubbles;8;19
Why ‘Star Wars’ Keeps Bombing in China;1;14
How Much Watching Time Do You Have This Weekend?;1;16
How Much Are We Paying for Our Subscription Services? A Lot;1;29
Quotation of the Day: Weinstein Is Gone, but Men Still Pull the Big Strings in Hollywood;2;26
He found a new job, but the drop in pay is draining his savings.;8;7
Shakira? J. Lo? This Halftime Show Had Snakes and Indiana Jones;1;30
Word + Quiz: scalloped;11;10
Peak TV Hits a New Peak, With 532 Scripted Shows;1;9
What’s on TV Friday: ‘Black Is King’ and ‘Little Women’;7;31
What’s on TV Sunday: ‘Better Call Saul’ and Dwyane Wade;2;23
The Costly Toll of Not Shutting Down Spring Break Earlier;4;11
‘We Need Help’: Coronavirus Fuels Racism Against Black Americans in China;6;2
How ‘Mulan’ Goes to Battle;9;4
How to Navigate a Flood of Streaming TV Subscriptions;1;14
Hollywood’s ‘We’re Not in Kansas Anymore’ Moment;11;22
12 Family-Friendly Nature Documentaries;4;1
What’s on TV Friday: ‘Timmy Failure’ and ‘Mythic Quest’;2;7
Stuck Inside? Here’s an Australian Kids’ Show Every Parent Can Love;4;1
What’s on TV Friday: ‘The Last Thing He Wanted’ and ‘The Clone Wars’;2;21
Small-Business Relief Effort ‘a Mess’;4;2
Nikita Pearl Waligwa, Star of ‘Queen of Katwe,’ Dies at 15;2;17
Nature Shows Are Hot Again;1;15
‘Clouds’ Review: A Farewell Through Song;10;15
Travel Limits, Economic Fears Stoke Market Plunge;3;12
Coronavirus in N.Y.C.: Latest Updates;5;15
‘Secret Society of Second-Born Royals’ Review: A Princess With Powers;9;24
With Daytime Emmy, Alan Menken Joins the Elite EGOT Club;7;28
Lil Uzi Vert Holds at No. 1, and Streaming Habits Are Shifting;3;23
‘Black Beauty’ Review: A Melodrama in Need of Rougher Edges;11;27
Reopening Optimism Helps Wall Street;5;27
This Austrian Village Wants ‘Frozen’ Fans to Let It Go;1;17
How Much Watching Time Do You Have This Weekend?;3;20
Wall Street Rallies for a Second Day as Oil Prices Rise: Live Updates;5;5
‘Artemis Fowl’ Review: Fowl, Not Fair;6;11
What Should We Cover in 2020?;1;10
Everyone You Know Just Signed Up for Netflix;4;21
Rockets’ Danuel House Leaves N.B.A. Bubble After Violation;9;12
Werner Herzog Has Never Thought a Dog Was Cute;3;23
A Manhunt on the 17th Century’s High Seas;5;29
Two Veteran C.E.O.s Risk $1.8 Billion on a Streaming App. In a Pandemic.;4;5
‘Call of the Wild’ Casts a Digital Star. Is He a Good Dog?;2;23
Ticketholders Seek Refunds as Coronavirus Prompts Mass Cancellations;3;14
Peacock, NBC’s Streaming Service, Will Have a Free Option and ‘The Office’;1;16
The N.B.A. Bubble Is in the Magic’s Backyard. But They’re Not Quite at Home.;7;17
After the Market’s Worst Day in Decades, Where Do We Go From Here?;3;13
Stocks Rise After Trump Reaffirms China Trade Deal: Live Updates;6;23
How That Surprise ‘Mulan’ Cameo Happened;9;7
We Should Have Bought the DVDs;1;20
When Will the Major Sports Leagues Return?;5;28
How Much Watching Time Do You Have This Weekend?;10;8
What’s on TV Friday: ‘The Pale Horse’ and ‘Stargirl’;3;13
How Much Watching Time Do You Have This Weekend?;8;6
How Much Watching Time Do You Have This Weekend?;7;30
From ‘Proud Family’ to ‘The Boondocks’: 11 Black Animated Series;8;17
8 Big-Studio Movies You Can Stream at Home Right Now;3;20
Prince Harry and Meghan Sign Megawatt Netflix Deal;9;2
The Crossword Stumper;4;27
What’s on TV Thursday: ‘All Day and a Night’ and ‘Blindspot’;5;7
‘Hair Love’ Receives a Lot of Love at the Oscars for Best Animated Short Film;2;10
What’s on TV Friday: ‘Young Ahmed’ and ‘Hamilton’;7;3
Taylor Swift, No. 1 Again, Is Last to Benefit From an Obscure Chart Rule;8;10
What’s on TV Friday: ‘Barber Shop Chronicles’ and ‘Seberg’;5;15
What’s on TV Wednesday: ‘Baghdad Central’ and a Sketch Comedy Show;4;1
What’s on TV Thursday: ‘Grace and Frankie’ and ‘Grown-Ish’;1;16
What’s on TV Wednesday: ‘Little Fires Everywhere’ and ‘Brockmire’;3;18
Warner Bros. Says All 2021 Films Will Be Streamed Right Away;12;3
The Week Old Hollywood Finally, Actually Died;8;17
Oscar Nominations 2020: ‘Joker’ Leads With 11 Nods; Three Others Get 10;1;13
What’s on TV Tuesday: ‘Miracle Workers’ and ‘A Wrinkle in Time’;3;31
Home but Not Alone? Here Are Four New Shows to Watch With Your Kids;3;16
This Movie Is Streaming Only. Should We Lower Our Expectations?;3;12
Russia Gets Its Disneyland, a Cold War Dream Come True;2;29
C.E.O.s call for more aid for small businesses.;8;3
What’s on TV Friday: ‘Da 5 Bloods’ and ‘Artemis Fowl’;6;12
What’s on TV Sunday: ‘Avenue 5’ and ‘9-1-1: Lone Star’;1;19
Reality Seeps In: Basketball Is Starting, and the Virus Is Still Here;7;1
What’s on TV Saturday: ‘The Thing About Harry’ and ‘Winn-Dixie’;2;15
Traveling by Ear: 13 Podcasts for Wandering Souls;4;9
What’s on TV Wednesday: ‘High Score’ and ‘Magic Camp’;8;19
Russell Westbrook Says He Tested Positive for the Coronavirus;7;13
Answering the Many Questions About ‘The One and Only Ivan’;8;21
Coronavirus Shut Down the ‘Experience Economy.’ Can It Come Back?;5;20
An Oscar Winner Made a Khashoggi Documentary. Streaming Services Didn’t Want It.;12;24
N.B.A. Is Expected to Start Its New Season Next Month;11;6
The business news to watch in the week ahead.;8;3
Two More Rings for the Home Team;6;19
When Jail Becomes Normal;6;3
What Was Your Gateway Musical?;9;3
M.L.S. Plans Return With Florida Event. But It’s Already Looking Past It.;6;10
With ‘Unhinged,’ Hollywood Cautiously Returns to Movie Theaters;8;23
Take Your Kids on Vacation, At Home;12;18
Ziwe May Destroy Hamilton;7;23
‘More Severe Than the Great Recession’;3;17
LeBron James Still Reigns as the N.B.A. Returns;7;24
Plagued by delays, the American Dream mall finally opened in October. Then the pandemic hit.;11;27
Coronavirus Surge Raises Alarm as States Report New Highs;6;25
How Much Watching Time Do You Have This Weekend?;8;27
The Best Films and TV Shows to Stream Over the Holidays;11;18
Your Wednesday Briefing;9;8
After the Oscar Glare, These Filmmakers Went Their Own Way;1;30
From Starbucks to FedEx, Coronavirus Upends Businesses That Depend on China;2;7
New Layoffs Add to Worries Over U.S. Economic Slowdown;10;1
The N.B.A. says 48 players tested positive as they got ready to report to training camps.;12;3
Grant Imahara, Engineer Who Co-Hosted ‘MythBusters,’ Dies at 49;7;14
Player Pushback Emerges as N.B.A. Works to Complete Restart Plans;6;12
Blaine Kern, Architect of Lavish Mardi Gras Floats, Dies at 93;7;14
What Happens in Vegas if No One Stays in Vegas?;3;3
‘1917’ Hits No. 1 at the Box Office and Takes Aim at the Oscars;1;12
Fed Expects Unemployment Rate to Stay High;6;10
Movie Ticket Sales Fall to Historic Low;3;15
We Have Questions About SoftBank;9;8
Welcome to a Summer of Sports, if All Goes Well;7;1
Now You Can Use Instagram to Chat With Friends on Facebook Messenger;9;30
The Milwaukee Bucks Are Back, but They’re Not Leaving Activism Behind;8;30
Now You Can Use Instagram to Chat With Friends on Facebook Messenger;9;30
The Milwaukee Bucks Are Back, but They’re Not Leaving Activism Behind;8;30
The N.B.A. Is Back. This Is What Pandemic Basketball Looks Like.;7;22
James Murdoch Resigns From News Corp, Ending Role in Family Empire;7;31
As the Pandemic Forced Layoffs, C.E.O.s Gave Up Little;7;29
As N.B.A. Forges Ahead, LeBron James Is ‘Ready for This Moment’;7;9
Stocks Inch Higher as Wall Street’s Turmoil Continues;3;19
‘Bubbles’ Are Working. But How Long Can Sports Stay Inside?;7;30
Nearly 900,000 people in the U.S. filed new state unemployment claims last week.;10;15
What to Know About Proposition 13;2;26
Doctors are offering direct access in the pandemic, for those who can afford it.;8;24
WarnerMedia Chief Has Become a Movie Villain to Some in Hollywood;12;13
‘Balloon’ Review: Flight Club;2;20
We’re Still Smarter Than Computers;11;25
Wildfires, 2020 Election, N.F.L. Sunday: Your Weekend Briefing;9;13
N.B.A. Playoff Teams Feel the Pain of Bubble Injuries;8;21
A Summer Without Superheroes;7;1
‘Pinocchio’ Review: An Enchanting Yet Befuddling Adaptation;12;24
‘Wolfwalkers’ Review: From Ireland, Lupine Lore in Cartoon Style;11;12
‘All Together Now’ Review: A Song as a Source of Hope;8;27
Squirming, Maybe;12;31
A Month Before the N.B.A.’s Restart, the Nets Keep Losing Players;6;30
Zendaya Makes History with Her Emmy Win for ‘Euphoria’;9;21
Broadway, Seeking to Stay Open, Suggests Stars Keep Their Distance;3;11
How to Have a Fully Remote Family Thanksgiving;11;18
Is There a ‘Right Way’ to Be a Tourist?;1;21
Facebook’s Big Meeting Didn’t Go So Well;7;8
How to Help Your Child Wear a Mask;8;19
Westminster Dog Show Photos: Ready for Prime Time;2;10
Basketball Hall of Fame Event Will Be Pushed to 2021, Colangelo Says;5;28
Alex Trebek’s Influence on Pop Culture;11;9
How to Enjoy Snowflakes;1;7
‘Stargirl’ Review: A Familiar but Charming Romance;3;12
The N.B.A.’s $500 Million Hope for the Holidays;10;28
Life Inside the N.B.A. Bubble;7;15
‘This Airplane Is Designed by Clowns’;1;10
Marge Champion, Dancer, Actor and Choreographer, Dies at 101;10;22
Former Hulu Boss Will Lead WarnerMedia, Home of HBO and CNN;4;1
Where to Find Drama Now? All the Internet’s a Stage;4;10
How California’s New Privacy Law Affects You;1;3
Milwaukee Bucks Are Eliminated From the Playoffs by the Miami Heat;9;9
Where You Can See the Stars of ‘Hamilton’ Now;7;4
Stocks Rise, With Tech Index Now Up for 2020;5;7
Animation That Broke the Rules;1;23
Directors, Let Your Gay Characters Be Gay;1;17
As Everything Else Changes, My Dover Paperbacks Hold Up;9;29
Risky if You’re Over 18;8;20
Bond Over Beethoven Led to Kobe Bryant’s Oscar for ‘Dear Basketball’;1;27
NBC Starts Streaming With a TV-Style Platform, Peacock;7;13
Burbank, Calif.: In the Valley, Over the Hill From Los Angeles;1;28
Who’s Behind the Fight Between Warner Bros. and Hollywood? It’s AT&T;12;8
Coronavirus Is Spreading. Should You Cancel Your Vacation?;3;17
Toronto Raptors Will Play Home Games in Florida Because of Pandemic;11;20
W.N.B.A. Union Mulling Plans to Start Season as Early as July;6;6
‘Robert the Bruce’ Review: The Return of the King;4;23
Movie Theaters Are on the Brink. Can Wine and Cheese Save Them?;5;15
News Quiz: Coronavirus Vaccine, W.H.O., Johnson & Johnson;5;22
How Much Watching Time Do You Have This Weekend?;12;17
How Much Watching Time Do You Have This Weekend?;11;26
How Much Watching Time Do You Have This Weekend?;11;12
What to Watch: Wars of the Past;12;26
Layoffs grow as companies gauge the course of the pandemic — and prospects for federal aid.;10;1
Pop Smoke and ‘Hamilton’ Shake Up the Billboard Chart;7;13
How Much Watching Time Do You Have This Weekend?;2;27
Ed Ruscha: He Up and Went Home;1;15
Here’s the business news to watch this week.;7;27
News Quiz: Kamala Harris, Vaccine, Football;8;14
News Quiz: U.S. Troops, Baseball, Louie Gohmert;7;31
Here Are Key Points About M.L.S.’s Return;7;7
‘Soul’ Review: Pixar’s New Feature Gets Musical, and Metaphysical;12;24
Coronavirus Briefing: A Summer of Lost Opportunity;9;4
No, the Best Doesn’t Win;4;27
James Murdoch Plans Big Bets on Sustainable Businesses;2;12
How Much Watching Time Do You Have This Weekend?;7;9
News Quiz: Wildfires, Coronavirus, U.S. Open;9;11
Massachusetts Forces Two Theaters to Reduce Seating Capacity;8;13
The Things Our Bosses Said a Lot This Year;12;29
Taylor Swift Announces Second Surprise Quarantine Album, ‘Evermore’;12;10
How to Move Back Home;9;25
Sundance Names Tabitha Jackson as New Festival Chief;2;2
What to Watch: Sci-Fi Movies Led by Women;12;21
News Quiz: Russia, Google, World Series;10;23
What’s on TV Wednesday: ‘The Farewell’ and ‘Big Cat Country’;2;12
Is This the Next Big Deal to Fall Apart?;6;4
Where to Stream ‘Spartacus’ and Other Great Kirk Douglas Movies;2;6
Who Gets Counted?;8;5
HBO Max Is Here to Take On Netflix. Is It Too Late?;5;26
BTS Debuts at No. 1, and CDs Play a Major Role;11;30
Sam Clayton Jr., Sound Engineer With a Global Ear, Dies at 58;4;13
Reinventing Workers for the Post-Covid Economy;12;1
‘The West Wing’ and David Byrne Stage America;10;16
A Debate Mess;9;30
The Very Jewish R.B.G.;9;29
A New Album Reflects a Composer’s Stubborn Versatility;4;8
Zoom Galas and Vlogging;4;3
Taylor Swift Denounces Scooter Braun as Her Catalog Is Sold Again;11;17
Jobless Workers Built Up Some Savings. Then the $600 Checks Stopped.;10;16
In a Big Box-Office Test, ‘Tenet’ Grosses $20 Million;9;6
What Counts as a Streaming Hit? A Start-Up May Have Answers;7;8
On Neutral Courts, N.B.A. Bubble ‘Home’ Teams Still Have an Edge;8;16
Google Chromecast Review: A Streaming Device That Gets Better the More It Knows;10;7
TikTok Chief Executive Kevin Mayer Resigns;8;27
Ken Starr, School Meals, N.F.L.: Your Friday Evening Briefing;1;17
Life Inside the N.B.A. Bubble;8;4
What’s on TV Sunday: ‘Snowpiercer’ and Taylor Swift;5;17
News Quiz: Coronavirus, Chloroquine, Kenny Rogers;3;27
News Quiz: Coronavirus, Democrats, Harvey Weinstein;2;28
What’s in Our Queue? ‘Lovers Rock’;12;3
Florida, where Trump and Biden converged, is in the ‘red zone’ for coronavirus cases.;10;29
Toronto Blue Jays Will Play Most Home Games in Buffalo;7;24
What’s on TV Saturday: ‘Surviving Joe Exotic’ and ‘Days of the Whale’;7;25
Damian Lillard Out for Game 5 of Lakers-Blazers Series;8;25
Motion Picture Academy Museum Will Open in December;2;10
What’s on TV Wednesday: ‘Love Life’ and ‘American Soul’;5;27
A nation on edge: On Election Day, fears of unrest are palpable.;11;3
What’s on TV Thursday: ‘Unsolved Mysteries’ and ‘The Whistlers’;7;2
What’s on TV Wednesday: Documentaries on Yusuf Hawkins and the Go-Go’s;8;12
My Favorite Summer Blockbuster;7;9
News Quiz: Protests, Russians, Chadwick Boseman;9;4
What’s on TV Wednesday: ‘Parasite’ and ‘Modern Family’;4;8
What’s on TV Thursday: ‘Charlie Says’ and the Dixie Chicks;3;12
‘Invisible Man’ Tops Box Office, Giving New Life to Old Monsters;3;1
Review: A ‘Paradise Lost’ More Dutiful Than Divine;2;6
James Murdoch, Rebellious Scion;10;10
Running the Numbers on Biden’s Tax Policy;10;19
Some Ideas for Fixing America;12;4
Movies Are Returning to Theaters. Will Audiences Follow?;8;28
Ja Morant’s Dunks Are Amazing. His Misses Are Even Better.;8;3
A Momentous First Night Back for the N.B.A.;7;31
Seeing Paradise From Behind a Dashboard;7;2
A New Pinocchio Film Returns to the Tale’s Dark Origins;12;23
The Nets’ Bridge Year Is Over. Now, the Real Work Begins.;8;24
The Best Board Games to Play at Home on Halloween (or Any Other Night);10;14
Amazon Shopping Needs a Prime Army;11;30
Finding Treasure in the Attic;6;4
William Barr, George Floyd Protests, Birdsongs: Your Tuesday Evening Briefing;6;2
How Are You Feeling About Missing Prom?;4;20
When the Pandemic Ends, Don’t Put Off Any More Adventures;12;24
How Bad Will the Economy Get? Companies Will Provide Clues;4;14
Someday My Prince Will Leave Me for Someone More Low-Key;4;21
Where the Major Sports Stand Amid the Coronavirus Pandemic;4;9
Nets’ Spencer Dinwiddie Out Indefinitely With Torn A.C.L.;12;28
You Know That Apartment Next Door?;9;4
Two Museums Announce September Reopenings;8;19
Spencer Dinwiddie and DeAndre Jordan of the Nets Test Positive for the Coronavirus;6;30
F.C. Dallas Withdraws from M.L.S. Tournament Because of Virus Cases;7;6
Watch This: The ‘Brockmire’ Finale;5;4
Delayed ‘Diana’ Musical to Be Streamed on Netflix;8;12
Where Clothing May Come Apart;8;4
11 of Our Best Weekend Reads;7;31
Ousted Grammys Chief Deborah Dugan Is Fired;3;2
Five of New York’s 10 Regions Can Begin to Reopen on Friday;5;14
Jimmy Fallon Sends Thoughts and Prayers to the N.R.A.;8;7
Four Months After First Case, U.S. Death Toll Passes 100,000;5;27
Led by N.B.A., Boycotts Disrupt Pro Sports in Wake of Blake Shooting;8;26
Testing, TikTok, Beyoncé: Your Friday Evening Briefing;7;31
The Lakers and Basketball’s Momentous Year;10;13
Joe Biden, Facebook, ‘Mulan’: Your Thursday Evening Briefing;9;3
Movie Theaters, Urged to Open, Want to Delay Showtime;4;23
Coronavirus Surge, Mississippi, Stonewall Inn: Your Weekend Briefing;6;28
Join the Club, Save Some Money;2;29
Peter Larkin, Stage Designer With a Funky Asterisk, Dies at 93;1;18
With No New Films, Regal Cinemas Shuts Down Again;10;5
The Bubble Bursts for Gregg Popovich and the Spurs;8;14
N.B.A. Restart Preview: The Lakers and Clippers Stare Down the West;7;29
Without a ‘Bubble,’ N.F.L. Season Might Not Happen, Fauci Says;6;18
Advertisers Flock to Election Night, When Live TV Is the Main Event Again;10;30
The 2020 election’s unnerving end: vandalism, acts of intimidation and riot prep.;11;2
Weekly News Quiz for Students: Coronavirus Cases, Poverty, Tourism for One;10;20
‘Uncut Gems’ Shines at Box Office, Just in Time for Oscar Voting;1;5
‘Bad Boys for Life’ Excelled at the Box Office. ‘Dolittle’ Didn’t.;1;19
New British Guidelines Sow Confusion;5;11
‘Agnes of the Desert’ Joins Modernism’s Pantheon;3;12
‘Hamilton’ and the Historical Record: Frequently Asked Questions;7;6
After a Dampened Celebration, Enduring Glory Still Awaits the Dodgers;10;28
In Pandemic, More Are Paying for Direct Access to Their Doctors;8;21
Retail Sales Rise for Third Month, Though Growth Slows;8;14
Toll From Outbreak Climbs in China as Infections Reach Europe and Australia;1;24
What the N.B.A.’s West Teams Need: Shooters and Shady Texts;10;17
The Games Are the Same. Covering Them Isn’t.;8;21
When Business as Usual Was Turned Upside Down;12;30
Memphis Grizzlies Guard Ja Morant Named Rookie of the Year;9;3
Weekly News Quiz for Students: Joe Biden, U.S. Infection Rates, Saturday Night Live;4;14
Utah Jazz to Sell Majority Stake to Tech Entrepreneur;10;28
Lesson of the Day: ‘Rat That Sniffs Out Land Mines Receives Award for Bravery’;9;29
LeBron James Says He Doesn’t Care if Trump Shuns N.B.A. Over Protests;8;6
‘Beyond Babel’ Review: A Fence Separates Star-Crossed Lovers;2;3
A List of What’s Been Canceled Because of the Coronavirus;3;9
Apple, After Outcry, Makes ‘Peanuts’ Holiday Specials Available on PBS;11;19
‘Carolyn Bryant’ Review: Reliving a Lie That Never Goes Away;10;13
