Trump describes hypothetical quid pro quo with Exxon. Exxon says: ‘It never happened.’;10;20
A Small Country, an Oil Giant, and Their Shared Fortune;3;18
Major Fuel Spill in Russia’s North Spreads Toward Arctic Ocean;6;9
‘This Feels Very Different’;5;1
Stuck in the Past on the Climate;4;24
The Bad News Won’t Stop, but Markets Keep Rising;4;29
Guyana Leader Set to Take New Term After a Vote Denounced as Flawed;3;14
Oil Bonanza Plunges Guyana Into Political Crisis;3;5
The Pope Blesses Business Plans;12;8
American Oil Drillers Were Hanging On by a Thread. Then Came the Virus.;3;20
Word + Quiz: bonanza;4;8
Church of England Devises an Index for Climate-Conscious Investing;1;31
Climate change? U.S. oil giants are doubling down on fossil fuels.;9;21
Big Oil Is in Trouble. Its Plan: Flood Africa With Plastic.;8;30
Oil Prices Jump, and Stocks Slide, After U.S. Kills Iranian General;1;3
Photos of Trump’s Trip to India;2;24
U.N. Gets OK to Aid Crippled Yemen Tanker After Months of Waiting;11;25
Russia Declares Emergency After Arctic Oil Spill;6;4
Coronavirus Adds to Pressure for U.S. Oil Industry;2;4
Businesses Face a New Coronavirus Threat: Shrinking Access to Credit;3;16
Stocks Fall as Second Virus Case in U.S. Spooks Investors;1;24
Oil Companies on Tumbling Prices: ‘Disastrous, Devastating’;3;31
One of Europe’s Most Polluted Towns Stages a Noisy Revolt;4;1
What Negative Oil Prices Mean and How the Impact Could Last;4;21
Trump Promotes Oil Deal That May Not Exist;4;3
With the Biden-Harris Ticket, Environmental Justice Is a Focus;8;12
The Week in Business: A Nail-Biter;11;1
As if Yemen Needed More Woes, a Decrepit Oil Tanker Threatens Disaster;7;17
‘Every Day Matters’: Guardian Stops Accepting Fossil Fuel Ads;1;30
There Is a Fund for Everything. But Why?;1;17
The Long Shadow of the Reagan Years;11;10
Famine Emerges as U.N. Theme, Crystallized by Yemen Disaster;9;24
E.P.A. to Lift Obama-Era Controls on Methane, a Potent Greenhouse Gas;8;10
Gas Tax Spikes in N.J. Because of Pandemic’s Impact;10;1
Judge Blocks Trump’s Ban on Foreign Workers;10;2
Oil Prices Nose-Dive as OPEC and Russia Fail to Reach a Deal;3;6
The Urge to Reverse Merge;8;25
Vaccines End the Pandemic’s Political Harmony;12;5
The Future of Energy;9;15
What the Oil Spill in Venezuela Tells Us About Its Politics;9;7
The Big Deal to Cut Oil Production May Not Be Big Enough;4;13
Reopening Optimism Helps Wall Street;5;27
U.S. Stocks End the Week Lower After Tech Earnings;5;1
A Rush to Stocks, Driven by Bargains and Bravery;4;8
Justice Dept. Ends Inquiries Into 3 Senators’ Stock Trades;5;26
Eula Bingham, Champion of Worker Safety, Dies at 90;6;23
George Floyd, Coronavirus, How to Hug: Your Thursday Evening Briefing;6;4
Amazon and Google’s True Advantage;10;30
‘Corporate America Has Failed Black America’;6;6
Behind the Wheel, Behind the Eight Ball;2;18
Stanley Sporkin, Bane of Corporate Corruption, Dies at 88;3;24
When Hurricanes Lead to Industrial Fires, Minority Neighborhoods Can Take a Hit;8;27
Policymakers and the Pandemic: Now What?;5;20
Europe’s Big Oil Companies Are Turning Electric;8;17
Too Much Oil: How a Barrel Came to Be Worth Less Than Nothing;4;20
Loeffler’s Wealth Becomes a Risk as Rivals Charge She Profited on the Coronavirus;4;1
Protests in N.Y.C.: Police Officer Is Charged With Assault;6;10
How to Reverse Course on Trump’s Environmental Damage;8;22
Chevron’s Purchase Could Unlock Israel’s Natural Gas Bonanza;10;9
Blade Takes Off for the Stock Markets;12;15
What Apple’s Fortnite Fee Battle Is Really About;9;25
Texas Oil Port Hit by One-Two Punch: Falling Demand and Overproduction;4;28
The Loans and the Fury;4;27
Senator Richard Burr Sold a Fortune in Stocks as G.O.P. Played Down Coronavirus Threat;3;20
‘I’m Just Living a Nightmare’: Oil Industry Braces for Devastation;4;21
New Technology Claims to Pinpoint Even Small Methane Leaks From Space;11;11
A New Weapon Against Climate Change May Float;6;4
The Tax-Break Bonanza Inside the Economic Rescue Package;4;24
Saudi Oil Price Cut Is a Market Shock With Wide Tremors;3;9
Trump Cracks Down on Visas. Indian Firms May Benefit.;10;2
Loeffler Got Lucrative Parting Gift From Public Company en Route to the Senate;5;6
Trump Sees Commitment to Religious Freedom in India as Riots Break Out;2;25
To Survive, Venezuela’s Leader Gives Up Decades of Control Over Oil;2;8
The Year in Deals Can Be Summed Up in 4 Letters;12;19
Trump Eliminates Major Methane Rule, Even as Leaks Are Worsening;8;13
As Virus Hobbles Economy, Companies Race to Tap Credit and Raise Cash;3;31
Wall Street Plunges in Worst Drop Since 2008;3;9
To Cut Emissions to Zero, U.S. Needs to Make Big Changes in Next 10 Years;12;15
In ‘A Promised Land,’ Barack Obama Thinks — and Thinks Some More — Over His First Term;11;15
Economy Faces ‘Tornado-Like Headwind’ as Financial Markets Spiral;3;9
Oil Markets Are a Mess. Can World Leaders Straighten Them Out?;4;8
No Relief in Sight;10;7
Global Trade Sputters, Leaving Too Much Here, Too Little There;4;10
Nasdaq Pushes for Diversity in the Boardroom;12;1
As California Goes, So Goes the Nation’s Business?;11;2
Airbnb’s Stunning I.P.O.;12;11
The Case(s) Against Big Tech;10;20
Fight Over Virus’s Death Toll Opens Grim New Front in Election Battle;5;9
Al Gore: Where I Find Hope;12;12
Stocks Surge as Oil Prices Rally;5;18
This Isn’t Just JPMorgan’s Problem;9;16
The Rich Kids Who Want to Tear Down Capitalism;11;27
Fed Minutes Show Concern About Long-Term Economic Damage;5;20
More Than 4 Million Filed Unemployment Claims Last Week;4;23
U.S. Oil Prices Plunge Into Negative Territory;4;20
Wall Street’s Rally Fades;4;7
The Jobs We Need;6;24
Who Controls Trump’s Environmental Policy?;1;14
As Virus Spreads, U.S. Temporarily Bars Foreigners Who’ve Visited China;1;31
The Killing of Gen. Qassim Suleimani: What We Know Since the U.S. Airstrike;1;3
Hurricane Laura Kills at Least 6 People in Louisiana;8;27
Two Jurors Voted to Acquit. He Was Convicted of Murder Anyway.;1;15
50 Years of Earth Day: What’s Better Today, and What’s Worse;4;22
Trump Says He Will Halt Immigration; States Start to Reopen Businesses;4;20
Tom Steyer’s Top Priority Isn’t Climate Change;1;13
