No, the Pfizer and Moderna vaccine development has not been â€˜reckless.â€™;12;8
They Made the â€˜Pfizer Vaccineâ€™;12;3
How the Pfizer-BioNTech Vaccine Works;12;5
Pfizerâ€™s Vaccine Offers Strong Protection After First Dose;12;8
Pfizerâ€™s Covid Vaccine and Allergies: How Concerned Should You Be?;12;11
F.D.A. Advisory Panel Gives Green Light to Pfizer Vaccine;12;10
Trump Administration Passed on Chance to Secure More of Pfizer Vaccine;12;8
U.K. Approves Pfizer Coronavirus Vaccine, a First in the West;12;2
Vaccines Take a While to Kick In. Experts Say That Means the Body Is Doing Its Job.;12;31
Biden Criticizes Trump on Vaccine Distribution and Pledges to Pick Up Pace;12;30
The 2020 Good Tech Awards;12;30
What the Vaccine Side Effects Feel Like, According to Those Whoâ€™ve Gotten It;12;28
Boston Doctor Reports Serious Allergic Reaction After Getting Modernaâ€™s Covid Vaccine;12;25
Early Vaccine Doubters Now Show a Willingness to Roll Up Their Sleeves;12;26
Your Thursday Briefing;12;24
Some Said the Vaccine Rollout Would Be a â€˜Nightmare.â€™ They Were Right.;12;23
Now That Grandma Has Been Vaccinated, May I Visit Her?;12;21
Frontline Workers and People Over 74 Should Get Shots Next, C.D.C. Panel Says;12;20
â€˜Big Fightâ€™ Breaks Out Over Which Interest Groups Get Vaccine First;12;20
F.D.A. Authorizes Moderna Vaccine, Adding Millions of Doses to U.S. Supply;12;19
A European Official Reveals a Secret: The U.S. Is Paying More for Coronavirus Vaccines;12;18
â€˜Didnâ€™t Feel a Thingâ€™: Pence Receives Coronavirus Vaccine;12;18
States Complain of Smaller Vaccine Shipments Than Expected;12;17
No, there are no microchips in coronavirus vaccines.;12;17
F.D.A. Panel Endorses Modernaâ€™s Covid-19 Vaccine;12;17
Big Pharma Is Fooling Us;12;17
Hospitals Discover a Surprise in Their Vaccine Deliveries: Extra Doses;12;16
Your Thursday Briefing;12;17
See How the Vaccine Rollout Is Going in Your State;12;17
Vaccination Campaign at Nursing Homes Faces Obstacles and Confusion;12;16
Moderna Vaccine Is Highly Protective Against Covid-19, the F.D.A. Finds;12;15
Your Wednesday Briefing;12;16
What We Saw on Day 1 of the Vaccine Rollout;12;15
Critical to Vaccines, Cold Storage Is Wall Streetâ€™s Shiny New Thing;12;15
Health Officials Hail Vaccine Rollout;12;15
Did You Get the Coronavirus Vaccine, or Are You Planning To?;12;14
Vaccine Distribution Is Underway in New York;12;15
Canada and the Coronavirus Vaccine: Hereâ€™s What It Means;12;14
First Coronavirus Vaccines Bring Americans Hope in Small Doses;12;15
The U.S. Approves a Vaccine;12;14
â€˜A Shot of Hopeâ€™: What the Vaccine Is Like for Frontline Doctors and Nurses;12;15
The Next Vaccine Challenge: Reassuring Older Americans;12;14
1st Vaccination in U.S. Is Given in New York, Hard Hit in Outbreakâ€™s First Days;12;14
First U.S. Coronavirus Vaccines Leave Michigan Plant;12;13
Hospitals Prepare for First Shots as Virus Vaccine Shipments Blanket U.S.;12;13
Your Monday Briefing;12;14
The Week in Business: Getting Vaccines From Here to There;12;13
First U.S. Coronavirus Vaccines Set to Be Delivered Monday;12;12
How the Vaccine Rollout Will Compare in Britain, Canada and the U.S.;12;12
How Many Vaccine Doses Will Your State Get?;12;11
A Vaccine Is on Its Way to Canada. Who Will Get It First?;12;12
Pregnant and Breastfeeding Women May Opt to Receive the Vaccine;12;12
Coronavirus Briefing: What Happened Today;12;12
This Is the Test of Our Lifetimes;12;12
How the Vaccine Will Get From the Lab to You;12;11
Your Friday Briefing;12;11
E.U.â€™s Top Drug Regulator Says Itâ€™s â€˜Fully Functionalâ€™ After Cyberattack;12;10
Why Did the U.S. Turn Down Vaccine Doses?;12;10
Canada Approves Vaccine and Could Start Shots Next Week;12;9
Getting Everyone Vaccinated, With â€˜Nudgesâ€™ and Charity Auctions;12;9
Britain Begins Coronavirus Vaccine Rollout;12;8
Biden Promises 100 Million Vaccine Shots in 100 Days, but Shortage Worries Rise;12;8
In Britain, a Simple â€˜Jabâ€™ Opens a New Front in the Coronavirus Battle;12;8
As U.K. Begins Vaccinations, a Glimpse of Life After Covid;12;8
U.K. Coronavirus Vaccine: Side Effects, Safety, and Who Gets It First;12;8
Hereâ€™s Why Vaccinated People Still Need to Wear a Mask;12;8
After Botched Covid Response, U.K. Tackles Giant Vaccine Rollout;12;7
Want Vaccines Fast? Suspend Intellectual Property Rights;12;7
Trump Officials Push Ambitious Vaccine Timeline as California Locks Down;12;7
Pfizer Applies for Emergency F.D.A. Approval for Covid-19 Vaccine;11;20
For Boris Johnson, a Week to Exorcise the Demons of 2020;12;4
U.K. and U.S. Officials Spar Over â€˜Vaccine Nationalismâ€™;12;3
Which New Yorkers Will Be First to Get the Virus Vaccine?;12;3
Cyberattacks Discovered on Vaccine Distribution Operations;12;3
Coronavirus Vaccine in New York: What to Know;12;3
Why the U.K. Approved a Coronavirus Vaccine First;12;2
2,596 Trades in One Term: Inside Senator Perdueâ€™s Stock Portfolio;12;2
New Pfizer Results: Coronavirus Vaccine Is Safe and 95% Effective;11;18
Long-Term-Care Residents and Health Workers Should Get Vaccine First, C.D.C. Panel Says;12;1
The Line for a Coronavirus Vaccine Is Forming;12;1
Who Will Get the Coronavirus Vaccine First?;12;1
When and How Youâ€™ll Get a Vaccine;11;30
Pfizer says it will work with four states to refine plans for rolling out its vaccine.;11;17
Britain Set to Leap Ahead in Approving Vaccines;11;27
Militaryâ€™s Role in Vaccine Will Be Strictly Behind the Scenes, Despite Trumpâ€™s Claims;11;26
Five Questions to Ask About Pfizerâ€™s Covid-19 Vaccine;11;11
Politics, Science and the Remarkable Race for a Coronavirus Vaccine;11;21
Becoming a Part of the Story;12;4
How Pfizer Plans to Distribute Its Vaccine (Itâ€™s Complicated);11;12
Pfizerâ€™s Early Data Shows Vaccine Is More Than 90% Effective;11;9
2 Companies Say Their Vaccines Are 95% Effective. What Does That Mean?;11;20
How the Out-of-Control Pandemic Is Speeding the Testing of Vaccines;11;18
The Latest Vaccine News Doesnâ€™t Tell the Full Story;11;17
The Vaccines Will Probably Work. Making Them Fast Will Be the Hard Part.;11;17
Early Data Show Modernaâ€™s Coronavirus Vaccine Is 94.5% Effective;11;16
States Vow Extra Scrutiny of Coronavirus Vaccine;11;16
The Week in Business: The Vaccine Boost;11;15
The Pandemic Is Showing Us How Capitalism Is Amazing, and Inadequate;11;14
Trump Touts Vaccine Progress and Promises Rapid Distribution;11;13
Until a Vaccine Arrives, a Worrisome Road Ahead;11;13
A Vaccine Breakthrough;11;12
The Surging Coronavirus Finds a Federal Leadership Vacuum;11;11
The Husband-and-Wife Team Behind the Leading Vaccine to Solve Covid-19;11;10
Are These Markets Really Efficient?;11;10
Donâ€™t Get Too Excited About the Coronavirus Vaccine;11;10
A Collective Sigh of Relief Pushes the Stock Market Up;11;9
Pfizer C.E.O. All but Rules Out Vaccine Before Election Day;10;27
The Stressful Conclusion of a Clinical Trial;10;29
Pfizer Says It Wonâ€™t Seek Vaccine Authorization Before Mid-November;10;16
Was the Pfizer vaccine part of the governmentâ€™s Operation Warp Speed?;11;10
All Eyes Are on Pfizer as Trump Pushes for Vaccine by October;9;30
Dividend Funds Can Add Income, and Risk, to Your Portfolio;10;8
Trump Tests Positive. What Comes Next ...;10;2
Moderna and Pfizer Reveal Secret Blueprints for Coronavirus Vaccine Trials;9;17
Johnson & Johnsonâ€™s Vaccine Advances, Sparking Optimism in Race;9;23
These Coronavirus Trials Donâ€™t Answer the One Question We Need to Know;9;22
How to Ship a Vaccine at â€“80Â°C, and Other Obstacles in the Covid Fight;9;18
When Will You Be Able to Get a Coronavirus Vaccine?;9;17
Pfizer Expects Vaccine Results by End of October;9;3
Vaccine Makers Keep Safety Details Quiet, Alarming Scientists;9;13
AstraZeneca Partly Resumes Coronavirus Vaccine Trial After Halting It for Safety;9;12
9 Drug Companies Pledge to â€˜Stand With Scienceâ€™ on Coronavirus Vaccines;9;8
What We Know About the C.D.C.â€™s Covid-19 Vaccine Plans;9;2
Coronavirus Crisis Has Made Brazil an Ideal Vaccine Laboratory;8;15
Moderna and Pfizer Begin Late-Stage Vaccine Trials;7;27
Pfizer Gets $1.95 Billion to Produce Coronavirus Vaccine by Yearâ€™s End;7;22
Elon Musk Delivers a Big Surprise;7;23
The U.S. Commits to Buying Millions of Vaccine Doses. Why Thatâ€™s Unusual.;7;22
Racing Toward the Cliff;7;22
Some Vaccine Makers Say They Plan to Profit From Coronavirus Vaccine;7;21
Three Coronavirus Vaccine Developers Report Promising Initial Results;7;20
U.S. Declined a Pfizer Offer;12;8
Pfizer Begins Human Trials of Possible Coronavirus Vaccine;5;5
Coronavirus Gloom, and Rays of Hope;11;12
How do Modernaâ€™s early results compare with Pfizerâ€™s?;11;16
Facebook, Pfizer, Pantone: Your Wednesday Evening Briefing;12;9
Pfizer, Stimulus, Kwanzaa: Your Tuesday Evening Briefing;12;22
With F.D.A. approval, Pfizer will ship millions of vaccine doses immediately.;12;11
C.D.C., Pfizer, Mark Kelly: Your Wednesday Evening Briefing;12;2
The U.S. and Pfizer are negotiating a deal for more vaccine doses next year.;12;16
Britain rolls out the Pfizer vaccine, a huge task but a sign of hope.;12;8
Pfizer Vaccine, Electoral College, Holiday Baking: Your Weekend Briefing;12;13
Georgia, Pfizer, 100 Notable Books: Your Friday Evening Briefing;11;20
Pfizerâ€™s vaccine offers strong protection after the first dose, F.D.A. finds.;12;8
Pfizer Vaccine, Brexit, U.S. Presidential Transition: Your Friday Briefing;11;13
Lesson of the Day: â€˜Pfizerâ€™s Covid Vaccine: 11 Things You Need to Knowâ€™;11;11
Pfizer Vaccine, N.Y.C. Dining, Dionne Warwick: Your Friday Evening Briefing;12;11
In the first distribution push, 6.4 million doses of Pfizerâ€™s vaccine will be shipped across the U.S.;11;24
How did Britain move so fast on a vaccine? It leaned on Pfizerâ€™s own analyses, for starters.;12;2
An Irish boy writes to Pfizer requesting a vaccination for Santa, and receives a reply from its C.E.O.;12;24
Trump administration officials passed months ago when Pfizer offered to sell the U.S. more vaccine doses.;12;8
Trump administration officials passed when Pfizer offered months ago to sell the U.S. more vaccine doses.;12;7
The U.K. says people with severe allergies should not take the Pfizer-BioNTech vaccine while two reactions are under investigation.;12;9
Logged On From the Laundry Room: How the C.E.O.s of Google, Pfizer and Slack Work From Home;3;23
Coronavirus Vaccine Tracker;6;10
Trump Administration Selects Five Coronavirus Vaccine Candidates as Finalists;6;3
No, There Are No Microchips in Coronavirus Vaccines;12;17
The U.S. will initially hold back half the first vaccine supply.;12;9
Making a vaccine is only the first challenge. The next hurdle is delivering it.;11;12
UPS and FedEx say plans to ship the vaccine are underway.;12;12
Hereâ€™s What People With Allergies Should Know About Covid Vaccines;12;18
E.U. Begins Coronavirus Vaccination Rollout;12;27
3 European Countries Begin Coronavirus Vaccinations Early;12;26
â€˜Nothing to Worry About,â€™ Biden Says After Coronavirus Vaccination;12;21
Doctors say both vaccine doses are necessary to protect a body from the virus.;12;31
Vaccine distribution is about to begin in the virus-ravaged U.S.;12;13
Canada approves the Moderna vaccine, paving the way for inoculations in its vast Far North.;12;23
Canada Will Receive First Vaccine Delivery Next Week, Trudeau Says;12;7
C.D.C. Panel Endorses Moderna Vaccine for Americans;12;19
Cuomo Outlines Coronavirus Vaccine Distribution Plan;12;9
The C.D.C. formally approves allowing people 16 and up to receive the vaccine.;12;13
Modernaâ€™s vaccine rolls out in the U.S.;12;21
New Yorkâ€™s First Vaccine Shipment Expected Dec. 15, Cuomo Says;12;2
Britain approves a vaccine, the first nation in the West to do so.;12;3
The C.D.C. advisory panel has endorsed the Moderna vaccine.;12;19
The U.S. and Britain race to authorize Covid-19 vaccines.;12;1
The vaccines will probably work. Making them fast will be the hard part.;11;18
What Does 95% Effective Mean? Teaching the Math of Vaccine Efficacy;12;14
As Britain begins vaccinations, here are answers to some common questions.;12;8
Hereâ€™s why vaccinated people still need to wear a mask.;12;8
The F.D.A. approves Modernaâ€™s Covid vaccine, adding millions more doses to the U.S. supply.;12;19
Trump projects a rosy view on vaccines, while Biden blasts the federal coronavirus response.;11;13
A snowstorm in the Northeast threatens to snarl vaccine deliveries.;12;16
Quotation of the Day: Vaccine Will Travel Complicated Route From Lab to Masses;11;13
Netanyahu becomes the first Israeli to be inoculated against Covid-19.;12;20
AstraZeneca and Sinopharm clear regulatory hurdles in a week of vaccine milestones.;12;31
Coronavirus Briefing: What Happened Today;11;18
First Coronavirus Vaccines Head to States, Starting Historic Effort;12;12
The next vaccine challenge is to reassure older Americans.;12;15
How many vaccine doses will your state get?;12;12
Coronavirus Briefing: What Happened Today;12;2
Is Moderna in Operation Warp Speed?;11;16
Is it safe to go to a holiday get-together?;11;16
Airlines Gear Up to Transport Vaccines That Could Revive Travel;12;10
The official leading Operation Warp Speed pins the blame for vaccine shortfalls on an administrative error.;12;20
Coronavirus Briefing: What Happened Today;12;11
Catch up on the latest news, from the DealBook newsletter.;11;18
Many Trial Volunteers Got Placebo Vaccines. Do They Now Deserve the Real Ones?;12;2
Mexico Begins Vaccinations Amid Virus Surge;12;24
A snowstorm in the Northeast threatens to snarl vaccine deliveries.;12;15
An out-of-control pandemic is speeding the hunt for vaccines.;11;18
Ohio offered nursing home workers early dibs on a vaccine. Many said no.;12;31
Something Elizabeth Warren and Jamie Dimon agree on: The presidential transition must begin.;11;18
Moderna Applies for Emergency F.D.A. Approval for Its Coronavirus Vaccine;11;30
Hospitals prepare for the first shots in Americaâ€™s most ambitious vaccination campaign.;12;13
The head of Operation Warp Speed apologizes for shortfalls in vaccine deliveries to at least 14 states.;12;19
The C.D.C. discusses who should get vaccinated first, but the decision will fall to states.;12;1
Coronavirus Briefing: What Happened Today;12;15
U.K. Authorizes Covid-19 Vaccine From Oxford and AstraZeneca;12;30
Coronavirus Briefing: What Happened Today;12;17
With First Dibs on Vaccines, Rich Countries Have â€˜Cleared the Shelvesâ€™;12;15
C.D.C. Tells States How to Prepare for Covid-19 Vaccine by Early November;9;2
Your Tuesday Briefing;11;9
A Possible Vaccine Timeline;12;2
The F.D.A.â€™s emergency authorization of Modernaâ€™s vaccine is expected today.;12;18
Late-Night Hosts Celebrate â€˜V-Dayâ€™ in Britain;12;9
Wall Street Carried to Record by Biden Win and Vaccine Hopes;11;13
Trump slams the F.D.A. ahead of expected vaccine authorization.;12;11
Coronavirus Briefing: What Happened Today;12;22
Coronavirus Briefing: What Happened Today;11;16
Coronavirus Briefing: What Happened Today;11;16
Residents of nursing homes could receive vaccine by the end of December, official says.;12;6
DoorDash and Airbnb plan to go public, and other news in the week ahead.;12;7
Coronavirus Briefing: What Happened Today;11;9
Pharma Companies Plan Joint Pledge on Vaccine Safety;9;5
A Chinese coronavirus vaccine has proved effective, its maker said.;12;30
The E.U.â€™s vaccinations are set to begin Sunday, but a few places have jumped the gun.;12;26
5 Takeaways From the First Week of Vaccines in New York;12;18
First vaccine recipients hope to set an example and are looking forward to holidays with family.;12;8
Your Thursday Briefing;12;3
China Approves Covid-19 Vaccine as It Moves to Inoculate Millions;12;30
Clinical Trials Hit by Ransomware Attack on Health Tech Firm;10;3
Frontline workers were left off the vaccine list at Stanford Medical Center in Palo Alto. They fought back.;12;19
Do You Want Your Parents and Grandparents to Get the New Coronavirus Vaccine?;12;14
Lesson of the Day: â€˜Who Will Get the Coronavirus Vaccine First?â€™;12;3
Hereâ€™s how the U.S. government plans to distribute the first Covid-19 vaccines.;11;23
Your Tuesday Briefing;11;10
What It Was Like to Participate in a Covid-19 Vaccine Trial;12;18
Whatâ€™s happening today at the summit.;11;17
The F.D.A. grants emergency authorization of the coronavirus antibody treatment given to Trump.;11;22
Turkey and Brazil Say Chinese Vaccine Effective, With Sparse Supporting Data;12;25
Mitch McConnell, Vaccine, Stock Market: Your Monday Evening Briefing;11;9
DealBook gathers top business leaders and policymakers for an online summit.;11;17
Britain, Barack Obama, Pandas: Your Tuesday Evening Briefing;12;8
Some doctors in Britain plan to defy instructions to delay vaccine booster shots.;12;31
Moderna Plans to Begin Testing Its Coronavirus Vaccine in Children;12;2
Coronavirus Briefing: What Happened Today;12;8
At Wharton, a New Leader Confronts the Culture Wars;11;20
Weekly Health Quiz: Exercise, Weight and Covid Deaths;12;11
The surge in coronavirus cases is helping speed up the development of vaccines.;11;19
Your Wednesday Briefing;12;8
Coronavirus Briefing: What Happened Today;11;24
Chinese Covid-19 Vaccine Gets Key Push, but Doubts Swirl;12;9
Ad giant WPP is folding its Geometry agency into VMLY&R.;11;16
Meet the husband and wife team behind the leading coronavirus vaccine.;11;11
What we know about AstraZenecaâ€™s head-scratching vaccine results.;11;24
Repurposing Drugs to Fight Cancer;2;25
Go inside the race to offer the first Covid-19 vaccinations in the United States.;12;16
A freight traffic logjam eases at British ports, and other news from around the world.;12;24
What We Know About AstraZenecaâ€™s Head-Scratching Vaccine Results;11;24
Weekly Health Quiz: A Safer Thanksgiving, Broken Bones and a Coronavirus Vaccine;11;13
AstraZenecaâ€™s Coronavirus Vaccine, Easy and Cheap to Produce, Appears Effective;11;23
A â€˜European Health Unionâ€™ is proposed to centralize pandemic response.;11;11
In Iowa, an emergency room nurse is first in line for vaccination.;12;14
What to Know About Californiaâ€™s Vaccine Rollout;11;23
Vaccines Come With a Dose of Caution in California;12;15
Vaccine,Virus Deaths, Californiaâ€™s Trees: Your Thursday Evening Briefing;12;10
Stimulus, Mutating Virus, Barr: Your Monday Evening Briefing;12;21
Anti-Vaccine Doctor Has Been Invited to Testify Before Senate Committee;12;7
The Week in Business: Goodbye, Extra $600 a Week;7;26
Americans Are More Willing to Take a Coronavirus Vaccine, Poll Suggests;11;17
Why Paying People to Be Vaccinated Could Backfire;12;14
Ad Councilâ€™s Challenge: Persuade Skeptics to Believe in Covid Vaccines;11;23
LeBron James Joins the Line-up for Day 2 of the DealBook Online Summit;11;18
How to Collect Stamps;9;8
Eleanor Carol Leavell Barr, Wife of Kentucky Congressman, Dies at 39;6;17
The first vaccine reached New York on Monday at a fraught moment in the state.;12;14
Coronavirus Briefing: Vaccinations Begin in the U.S.;12;14
Bahrain is the second country to approve a Chinese vaccine, and other news around the world.;12;13
Austria enters its third lockdown. Israel is set to follow suit.;12;26
Austria enters its third lockdown. Israel is set to follow suit.;12;26
AstraZeneca, Under Fire for Vaccine Safety, Releases Trial Blueprints;9;19
Coronavirus, Stimulus, Winter Solstice: Your Weekend Briefing;12;20
Trump Claims Credit for Vaccines. Some of His Backers Donâ€™t Want to Take Them.;12;18
Coronavirus Briefing: What Happened Today;12;2
Biden Implores Trump to Confront a Surging Pandemic;11;14
California, Vaccines, Georgia: Your Monday Evening Briefing;12;7
Coronavirus Briefing: What Happened Today;9;14
Your Thursday Briefing;12;2
As He Woos Drugmakers on Virus, Trump Demands Drug Price Controls;7;24
As He Woos Drugmakers on Virus, Trump Demands Drug Price Controls;7;24
E.U.â€™s Mass Vaccination Campaign Starts, With Nursing Homes as Focus;12;27
The Vaccine as Fire Hose;12;8
Vaccines, Brexit, Biden: Your Tuesday Briefing;12;8
Your Tuesday Briefing;12;7
Your Thursday Briefing;11;18
Vaccine, U.S.-China, Mars: Your Thursday Briefing;7;23
Hereâ€™s the business news to watch this week.;7;27
Switzerland begins Covid-19 vaccinations.;12;23
As the virus shatters records, Pence says U.S. is facing a â€˜season of hopeâ€™ with likely vaccine approval.;12;4
The State of the Virus This Week;12;11
Inside Operation Warp Speed;8;17
Coronavirus Briefing: What Happened Today;10;1
Could a Blood Test Show if a Covid-19 Vaccine Works?;12;4
Trumpâ€™s Focus as the Pandemic Raged: What Would It Mean for Him?;12;31
A blood test showing the effectiveness of a vaccine on monkeys has the potential to speed up trials.;12;4
News Quiz: Election Certification, Boeing, Vaccines;11;20
The Best of Late Night This Week ðŸŒ™;12;11
The Beginning of the End of the Pandemic;12;9
A day of hope, and warning, as a vaccine is rolled out in the U.S.;12;17
A day of hope, and warning, as a vaccine is rolled out in the U.S.;12;17
What if the First Coronavirus Vaccines Arenâ€™t the Best?;8;27
Cold storage, crucial to the vaccine, has caught Wall Streetâ€™s eye.;12;17
U.S. Election, Boris Johnson, Nagorno-Karabakh: Your Monday Briefing;11;16
Blunders Eroded U.S. Confidence in Early Vaccine Front-Runner;12;8
â€˜Saturday Night Liveâ€™ Sends Up Fauci and Covid-19 Vaccine Rollout;12;13
Coronavirus Briefing: What Happened Today;12;16
How Should We Balance Safety and Urgency in Developing a Covid-19 Vaccine?;9;9
Coronavirus Briefing: What Happened Today;12;23
Coronavirus Briefing: What Happened Today;9;17
Coronavirus Briefing: What Happened Today;9;17
I Canâ€™t Stop Watching Coronavirus Vaccine Videos;12;15
News Quiz: Iran, Utah, Emergency Approval;12;4
Misinformation messengers pivot from election fraud to peddling vaccine conspiracy theories.;12;16
A Record-Breaking Week for the Virus, by the Numbers;12;18
A Chinese drugmaker reports progress on a vaccine candidate.;11;20
Preparing for a new year, many have a message for the old one: good riddance.;12;31
As the transition begins, the stark contrast between Biden and Trump persists.;11;10
Running the Numbers on Bidenâ€™s Tax Policy;10;19
Novavax Enters Final Stage of Coronavirus Vaccine Trials;9;24
First, a Vaccine Approval. Then â€˜Chaos and Confusion.â€™;10;12
Novavax Enters Final Stage of Coronavirus Vaccine Trials;9;24
A Final Try by Trump to Cut Drug Prices May Stumble in Court;11;20
How the F.D.A. Stood Up to the President;10;20
Missing From State Plans to Distribute the Coronavirus Vaccine: Money to Do It;11;14
Coronavirus Briefing: What Happened Today;11;17
Coronavirus Briefing: What Happened Today;12;21
Can We Do Twice as Many Vaccinations as We Thought?;12;18
In Canada, First Vaccines Leave Health Workers in Tears of Relief;12;14
A Russian vaccine maker reports positive results based on an incomplete trial.;11;24
News Quiz: President-Elect Joe Biden, Vaccines, Alex Trebek ;11;13
Spike Leeâ€™s Next Project: A Viagra Musical;11;18
11 of Our Best Weekend Reads;3;27
Stimulus Deal, Snowstorm, Moderna: Your Thursday Evening Briefing;12;17
Biden Rallies Democrats in Georgia;12;16
The Next Big Question for California Politicians;11;10
As the U.S. vaccine drive lags, a fast-moving coronavirus variant reaches a second state.;12;30
Covax, an international health group, announces vaccine deals to help less wealthy countries.;12;18
â€˜Warp Speedâ€™ Officials Debut Plan for Distributing Free Vaccines;9;16
Moderna Gets OK to Start Larger Trial for a Coronavirus Vaccine;5;7
Thanksgiving, Coronavirus, Presidential Transition: Your Weekend Briefing;11;22
N.Y.C. Schools, Biden Transition, Ina Garten: Your Wednesday Evening Briefing;11;18
Your Tuesday Briefing;12;14
F.D.A. Grants Emergency Authorization of Antibody Treatment Given to Trump;11;22
Moderna, Joe Biden, Giannis Antetokounmpo: Your Tuesday Evening Briefing;12;15
How Big Pharma Grew Addicted to Big Profits;3;12
Coronavirus Briefing: What Happened Today;12;7
Coronavirus Briefing: What Happened Today;12;9
Biden Transition, Coronavirus, Barack Obama: Your Thursday Evening Briefing;11;12
AstraZeneca to Buy Alexion for $39 Billion to Add Rare-Disease Treatments;12;12
David Perdue profited from a Navy contractorâ€™s stock while overseeing the Naval fleet.;11;19
Your Thursday Briefing;12;16
Transition Gets Underway in Earnest as Biden Team Fans Out Across Capital;11;25
Your Monday Briefing;11;15
Georgia, Virus Restrictions, Kim Ng: Your Friday Evening Briefing;11;13
Your Thursday Briefing;7;22
Pundit Accountability;12;23
Your Tuesday Briefing;12;22
Falsehoods and Threats;12;11
Your Thursday Briefing;12;23
Your Wednesday Briefing;12;15
Trump Sends In More Federal Agents;7;23
From Voter Fraud to Vaccine Lies: Misinformation Peddlers Shift Gears;12;16
The Vaccine Arrived in a 63-Pound Box, Packed in Dry Ice;12;15
Merkel, Facebook, Ethiopia: Your Thursday Briefing;12;10
Your Wednesday Briefing;11;25
Employers Can Require Workers to Get Covid-19 Vaccine, U.S. Says;12;18
One pandemic, two presidents: A split-screen moment underscores the clashing approaches of Trump and Biden.;12;8
Her â€˜Bubbieâ€™ Was Right After All;7;17
Japan, Spain, France, Sweden and Canada find cases of the new coronavirus variant.;12;26
Did These New York Clinics Ignore Rules on Who Gets Vaccinated First?;12;27
Biden receives the coronavirus vaccine.;12;21
France begins to allow some travel from the U.K. as the E.U. urges countries to lift bans.;12;22
Australia Scraps Covid-19 Vaccine That Produced H.I.V. False Positives;12;11
People Are Dying. Whom Do We Save First With the Vaccine?;12;24
Weekly News Quiz for Students: Historic Election, Congress, Alex Trebek;11;10
The French prime minister warns that local lockdowns may be imposed as cases surge.;10;12
Sanofi Accelerates Its Timeline for Coronavirus Vaccine Development;6;23
F.D.A. to Release Stricter Guidelines for Emergency Vaccine Authorization;9;22
U.S. Issues Sanctions on Russian Center Involved in Potentially Deadly Cyberattacks;10;23
U.S. Officials Say Covid-19 Vaccination Effort Has Lagged;12;30
U.S. Issues Sanctions on Russian Center Involved in Potentially Deadly Cyberattacks;10;23
The Fast Path to a Vaccine;12;15
Masks, Distancing â€” and Tests;12;10
The Pope Blesses Business Plans;12;8
Coinbaseâ€™s Crypto Conundrum;12;18
After Admitting Mistake, AstraZeneca Faces Difficult Questions About Its Vaccine;11;25
Dad Got the Vaccine, but No One Else Did â€” Yet;12;26
Vaccine Optimism;11;17
Meet the Speakers for the DealBook Online Summit;11;12
Vaccine Optimism;11;17
Meet the Speakers for the DealBook Online Summit;11;12
Virus Words vs. Actions;11;19
The Coronavirus Is Mutating. What Does That Mean for Us?;12;20
Moderna Vaccine, E.U., Joe Biden: Your Tuesday Briefing;11;17
How the Johnson & Johnson Vaccine Works;12;18
Hollywood Stays Away From Facebook Ad Boycott;7;15
Why Does the Coronavirus Hit Men Harder? A New Clue;8;26
Drug Companies Will Make a Killing From Coronavirus;3;18
Bill Gates, the Virus and the Quest to Vaccinate the World;11;23
Holiday travel drops, as Americans rethink a comforting ritual.;11;24
Different Approaches to a Coronavirus Vaccine;5;20
South Korea faces its â€˜biggest ever coronavirus crisisâ€™ and other news around the world.;12;10
Experts Tell F.D.A. It Should Gather More Safety Data on Covid-19 Vaccines;10;23
As California Goes, So Goes the Nationâ€™s Business?;11;2
Wall Street Sees Cold, Hard Cash in Vaccine Storage;12;16
What We Learned From the DealBook Online Summit;11;19
Trumpâ€™s S.E.C. Chairman Is Stepping Down;11;16
Two Virus Stories;11;10
Trump Vaccine Chief Casts Doubt on Coronavirus Vaccine by Election Day;9;3
Johnson & Johnsonâ€™s Coronavirus Vaccine Protects Monkeys, Study Finds;7;30
Steve Ricchetti Is Tapped for the West Wingâ€™s Wise-Man Role;11;18
Why Inmates Should Be at the Front of the Vaccination Lines;12;3
Two Companies Restart Virus Trials in U.S. After Safety Pauses;10;23
A Turkish-German Couple May Save Us From the Virus. So Why Is Germany Uneasy?;12;2
Reconsidering Melbourneâ€™s Public Housing Lockdown;11;13
We Need to Recruit More Black Americans in Vaccine Trials;9;11
Is This How the TikTok Saga Ends?;9;14
The Receding Horizon of Travelâ€™s Return;12;10
Stay-at-Home Orders Set to Continue Amid â€˜Surge on Top of a Surgeâ€™;12;29
Coronavirus Briefing: What Happened Today;8;10
The Mom and Pop Factory With an Atomic Secret;8;7
Coronavirus Briefing: What Happened Today;11;11
Russia Is Slow to Administer Virus Vaccine Despite Kremlinâ€™s Approval;9;19
Coronavirus Relief, PG&E, Woody Allen: Your Monday Evening Briefing;3;23
Cases Surge in South Korea, but Covid Vaccine Is Months Away;12;10
The Joe Biden I Knew Has Been Humbled;11;10
The Vaccines Are Supposed to Be Free. Surprise Bills Could Happen Anyway.;12;17
Vaccines End the Pandemicâ€™s Political Harmony;12;5
I Am Not a Brave Person. I Am Also Patient 1133.;9;17
I Am Not a Brave Person. I Am Also Patient 1133.;9;17
An Alzheimerâ€™s Treatment Fails: â€˜We Donâ€™t Have Anything Nowâ€™;2;10
Berry-Flavored H.I.V. Medication Is Ready for Babies;11;30
How Modernaâ€™s Vaccine Works;12;5
Stock Markets Edge Higher;7;1
The Risk in Suspending Vaccine Patent Rules;12;10
Vaccines Are Safe, No Matter What Robert Kennedy Jr. Says;12;30
Emmanuel Macron Tests Positive for the Coronavirus;12;17
Coronavirus Briefing: What Happened Today;7;10
Thereâ€™s No Reason for an Architect to Design a Death Chamber;6;12
A Timeline of the Coronavirus Pandemic;2;13
Coronavirus Briefing: What Happened Today;7;27
Coronavirus Briefing: What Happened Today;7;15
Task Force, Meat Shortage, Madagascar: Your Tuesday Evening Briefing;5;5
Trump Rescinds Plan for White House Staff to Be Quickly Vaccinated;12;13
The Greatest Gift to Loved Ones This Covid Winter? Donâ€™t Infect Others;11;16
A Century After Phony Flu Ads, Companies Hype Dubious Covid Cures;12;24
C.D.C.â€™s Contentious Testing Guidance on Covid-19 Was Not Written by Its Scientists;9;17
5 Unforgettable Conversations From the Events Team;12;23
Coronavirus Briefing: What Happened Today;11;30
The Greatest Gift to Loved Ones This Covid Winter? Donâ€™t Infect Others;11;16
Coronavirus Briefing: What Happened Today;11;24
Coronavirus Briefing: What Happened Today;10;16
The Vaccine Challenge: â€˜Not Putting All Our Eggs in One Basketâ€™;9;11
The Kremlin Is Offering Russians Free Vaccines, but Will They Take Them?;12;7
Europeâ€™s Deadly Second Wave;12;5
Coronavirus Briefing: What Happened Today;11;11
Economic Risks Are High as Chances for Quick Stimulus Narrow;11;12
Big Pharma May Pose an Obstacle to Vaccine Development;3;2
Joe Biden, Moderna, Martha Stewart: Your Thursday Evening Briefing;9;17
Businesses Are Supposed to Cut Debt in a Downturn. Why Not Now?;7;20
Joe Biden, Moderna, Martha Stewart: Your Thursday Evening Briefing;9;17
Coronavirus Briefing: What Happened Today;7;2
Trumpâ€™s â€˜Opening Our Country Councilâ€™ Runs Into Its Own Opening Problems;4;16
â€˜Just Sitting in Limbo.â€™ For Many Professionals, Careers Are on Hold.;5;27
Get Ready for the Global Fight Over Vaccines;4;30
Vaccines Need Effective Messengers;12;16
New PlayStation and Xbox Arrive During a Pandemic Gold Rush;11;12
U.K. Virus Surge Surpasses Spring Peak as Lockdown Choices Loom;12;29
For London, Tighter Virus Rules. For Boris Johnson, More Pressure.;12;14
Dividends Are Down, but They Are Vastly Better Than Expected;11;20
Coronavirus Briefing: What Happened Today;9;30
Coronavirus Briefing: What Lies Ahead;9;3
Could Trump Turn a Vaccine Into a Campaign Stunt?;6;8
Coronavirus Briefing: What Happened Today;5;6
Developmental Disabilities Heighten Risk of Covid Death;11;10
At Least 97,000 Children in the U.S. Tested Positive in Last 2 Weeks of July;8;9
Stocks, Joe Biden, Thanksgiving Naps: Your Tuesday Evening Briefing;11;24
How Pediatricians Are Fending Off Coronavirus Myths;11;16
Covid-19 Vaccines Are Chance at Salvation, Financial and Beyond, for Drug Makers;10;13
