Buried in Pandemic Aid Bill: Billions to Soothe the Richest;12;23
Trump’s Longtime Banker at Deutsche Bank Resigns;12;22
The Big Hack Breaches Treasury’s Top Levels;12;22
Treasury Department’s Senior Leaders Were Targeted by Hacking;12;22
What Is 13-3? Why a Debate Over the Fed Is Holding Up Stimulus Talks;12;19
Moderates Pare Back Stimulus Plan in Hopes of Breaking Stalemate;12;15
Apple TV Was Making a Show About Gawker. Then Tim Cook Found Out.;12;13
WarnerMedia Chief Has Become a Movie Villain to Some in Hollywood;12;13
Mnuchin Defends Handling of Stimulus Programs;12;10
Trump Tries to Kill Covid Relief;12;11
Watch Live: Mnuchin Testifies Before Congress;12;10
Mnuchin Grilled Over Whether Relief Money Was Politicized;12;10
Biden’s Choice for Pentagon Faces Questions on Ties to Contractors;12;9
White House Offers $916 Billion Stimulus Proposal, Cutting Jobless Benefits;12;9
Elizabeth J. McCormack, Innovative Educator, Dies at 98;12;7
Rachel Maddow and Michael Yarvitz Tell the Full Sordid Story of Spiro Agnew;12;6
Some Ideas for Fixing America;12;4
Warner Bros. Says All 2021 Films Will Be Streamed Right Away;12;3
Mnuchin and Powell Call for Additional Stimulus;12;2
Faye Driscoll Awarded New York Live Arts Residency;12;2
Mnuchin and Powell Go Head-to-Head on Economic Outlook;12;1
Bill Cosby Case: Judges Review Decision to Allow Multiple Accusers;12;1
Nasdaq Pushes for Diversity in the Boardroom;12;1
Best Dance of 2020;12;1
A Badly Timed Disruption for Wine Sales in the New York Area;11;25
Trump Wars II: The Loser Strikes Back;11;23
Mnuchin’s Inglorious Endgame;11;20
Mnuchin Cites Principles in Clawing Back Fed Money. Democrats See Politics.;11;20
Economic Policy Has Become a Partisan Game. That Could Do Long-Term Harm.;11;20
Is Trump Trying to Take the Economy Down With Him?;11;20
Mnuchin to End Key Fed Emergency Programs, Limiting Biden;11;19
Even Without Peter King, G.O.P. Retains His House Seat in New York;11;19
N.Y. Shuts Funeral Home Where Dozens of Bodies Were Found in Trucks;11;18
How Republicans in N.Y. Are Responding to the Election;11;17
Trump Pentagon Purge Could Accelerate His Goal to Pull Troops From Afghanistan;11;13
Federal Reserve’s Emergency Loan Programs at Center of Political Fight;11;9
Trump Fires Mark Esper, Defense Secretary Who Opposed Use of Troops on U.S. Streets;11;9
What in the World Is a $590 Scratch-and-Sniff T-shirt Doing in 2020?;11;2
Confronting the Damage of Trumpism;11;7
Fill Up on Tea or a New Film by Steve McQueen;9;27
How the Wealthy World Has Failed Poor Countries During the Pandemic;11;1
The T List: Six Things We Recommend This Week;12;17
T’s Holiday Cards;12;8
U.S. Imposes Sanctions on Iran’s Oil Sector;10;26
The T List: Five Things We Recommend This Week;12;10
Trump’s Weakened Hold on Long Island Puts 2 G.O.P. House Seats at Risk;10;26
The T List: Holiday Gift Guide, Part II;12;2
As Time Runs Short, Optimism Fades for a Pre-Election Stimulus Deal;10;23
A Trump Victory May Push His Defense Secretary Out an Open Door;10;23
Squirming, Maybe;12;31
A Home That Makes Time Travelers of Its Inhabitants;12;29
From Northern California, Farm-Fresh Skin Care;12;31
Contract Killers;12;30
Moscow Turndown;12;29
Is This the End of the Mink Coat?;12;29
Who Wants Candy?;12;27
Pelosi Says a Stimulus Deal Is ‘Close’ and Is ‘Pleased’ With Progress;10;22
The Department Store That Does Holiday Cheer Like No Other;12;23
The Hotels Reimagining Their Rooms as Stylish Work Spaces;12;23
A Designer Who Lives Surrounded by Gems;12;22
Running Live Dance Drills at the Armory;10;22
How to Pretend You’re in Quebec City Tonight;12;22
The Year of Telfar;12;21
Could Dance Be a Weapon All Over Again?;10;22
What Will Become of a Tycoon’s Art Gems?;12;20
A Conversation on ‘Go Tell It on the Mountain’;12;16
A Portrait of 19th-Century Creole Culture;12;18
Trump Casts Doubt on Stimulus Deal as Republicans Resist a Possible Compromise;10;21
Escape From the City: 9 Winter Outings That Fight Cabin Fever;12;18
How Can I Make a Home After Moving Again?;12;17
‘The Stand’: Tracing the Stephen King Epic Through Its Many Mutations;12;17
Exploring James Baldwin’s Old Haunts in New York and Paris;12;17
You’re Choosing a Gift. Here’s What Not to Do.;12;17
What to Wear Next Year;12;16
The Fed’s $4 Trillion Lifeline Never Materialized. Here’s Why.;10;21
A Hotel That Pays Tribute to Rajasthani Arts and Crafts;12;14
McConnell Moves to Head Off Stimulus Deal as Pelosi Reports Progress;10;20
Emiratis Land in Israel, Firming New Ties and Angering Palestinians;10;20
Beneath a Full Moon, a Healing Ritual;12;12
The People James Baldwin Knew;12;11
Hawaii’s Next Wave of Natural Skin-Care Brands;12;11
The Newest Challenge for Europe’s Parks: A Surge of New Nature Lovers;12;10
The Once and Future Handbag;12;10
Artist-Designed Holiday Cards, Ready for the Mail;12;8
The T List: Holiday Gift Guide, Part I;11;25
How to Pretend You’re in Dakar Today;12;8
After Grand Theft Auto and Minecraft, Balenciaga: The Video Game?;12;7
20 Top Hard to Please Gift Ideas for 2020;12;4
22 Top Tech Gift Ideas for 2020;12;4
18 Top Entertainment Gift Ideas for 2020;12;4
14 Top Cooking Gift Ideas for 2020;12;4
16 Top Home & Design Gift Ideas for 2020;12;4
20 Top Food & Drink Gift Ideas for 2020;12;4
What the Church Meant for James Baldwin;12;4
A Timepiece That Doubles as High Jewelry;12;4
Renaissance Meets ’80s Rock Chicks at Chanel;12;4
The Appealing and Potentially Lethal Delicacy That Is Fugu;12;4
The T List: Five Things We Recommend This Week;11;19
The Empress of East Second Street;12;3
A Necklace That Highlights the Beauty in Versatility;12;3
With Natacha Ramsay-Levi Leaving Chloé, Can We Stop Playing Designer Musical Chairs?;12;3
The Fashion Awards Get a New Look — and Purpose;12;3
The Long and Tortured History of Cancel Culture;12;3
August Wilson, American Bard;12;3
A Sustainable Beauty Brand Inspired by the French Countryside;12;2
When Fashion Favors the Bold;12;2
Glittering High Jewelry, Inspired by Tweed;12;2
T Black Book: Florists;11;18
The Munich Atelier Where Stained Glass Comes to Life;12;2
Weekend Bags for a Fantasy Getaway;12;1
In the Tuscan Countryside, a 15th-Century Monastery Turned Beloved Family Home;12;1
The Best-Kept Fashion Secret of ‘The Crown’;12;1
White House Opposes Expanded Virus Testing, Complicating Stimulus Talks;10;16
Trump Aide Insists U.S. Will Reduce Forces in Afghanistan to 2,500 Troops;10;16
Celebrating Three of America’s Most Beloved Divas;11;30
Barbra Streisand, Patti LaBelle and Dolly Parton on Their Most Memorable Performances;11;30
Patti LaBelle, the Doyenne of Philadelphia Soul;11;30
Barbra Streisand Is, as Ever, Firmly in Control;11;30
The Grit and Glory of Dolly Parton;11;30
The Luxury E-Commerce Wars Heat Up;11;29
U.S. Brings ‘Largest Ever Tax Charge’ Against Tech Executive;10;16
Republicans Clash on Stimulus as Trump Says ‘Go Big’ and McConnell Demurs;10;15
Marching to the Beat of Their Own Drum;11;27
This Year’s Black Friday Designer Fashion Sales May Not Be What You Think.;11;27
Cooking Class | Laura Kim;11;25
T Book Club;11;10
A Pinwheel Pie as Appealing as Her Fashion Designs;11;25
Indonesian Defense Chief, Accused of Rights Abuses, Will Visit Pentagon;10;14
Holiday Windows Aren’t Over. Neither, They Say, Is New York.;11;25
Separated by Distance? Send Pressed Flowers;11;24
The T List: Five Things We Recommend This Week;11;12
A Homey Party House in SoHo;11;24
Even Harry Styles in Jorts Can’t Save Gucci’s Mini-Series;11;22
A Night at the Sock Hop;11;20
A Designer’s Endlessly Adaptable Nigerian Stew;11;20
Nina Chanel Abney Imagines a Queer Black Utopia;11;19
‘The Princess Switch: Switched Again’ Review: A Who’s Who of Hudgens;11;19
Senate Republicans Denounce White House’s Offer for Coronavirus Relief;10;10
How to Pretend You’re in Paris Tonight;11;17
How Many Snowbirds Will Be Flying South for the Winter?;11;17
An Artist Who Paints in Cryptic Pastel Symbols;11;16
The T List: Five Things We Recommend This Week;11;5
Trump Raises Stimulus Offer to $1.8 Trillion Days After Halting Negotiations;10;9
For a Leading Light of Indian Fashion, All That Glitters Is Not Gold;11;16
Panic in the Parking Lot for Cash;10;9
Dead, Alive, on Life Support? Confusion Reigns on Stimulus as Talks Continue;10;8
A New Kind of Fund That Is Stingier With Information;10;8
A Bride Changes Her Mind;11;13
A Bold Bulgari Necklace That Reimagines a Late-’60s Design;11;13
Dividend Funds Can Add Income, and Risk, to Your Portfolio;10;8
Working in Luis Barragán’s Shadow;11;13
A Cape Town Apartment That Speaks to the Past;11;13
Once the Disease of Gluttonous Aristocrats, Gout Is Now Tormenting the Masses;11;13
An Hermès Necklace in Harmony With the Human Form;11;12
Haunting Fashion in the Scottish Highlands;11;12
Revisiting an Ancient Theory of Herbalism;11;12
How ‘The Talented Mr. Ripley’ Foretold Our Era of Grifting;11;12
A Vibrant Screen That Resurrects an Artist’s Vision;11;11
The Fashion Photographer Who Traded Film for Flour;11;11
11 Hotels to Visit in Your Dreams;11;11
On a Summer Night in Selma, an Eerie Carnival Comes to Town;11;11
The Answer to What You Should Wear Now (Hint: It’s Not Sweatpants);11;11
The Season’s Best Boots Have ’80s Appeal;11;10
MacArthur ‘Genius’ Grant Winners for 2020: The Full List;10;6
The Spirits of Abandoned Ambitions;11;10
MacArthur Foundation Announces 21 ‘Genius’ Grant Winners;10;6
In Berlin, Mysterious Dwellings Hidden Amid the Trees;11;10
Trump Abruptly Ends Stimulus Talks After Fed Chair Urges Economic Support;10;6
An Apartment Inspired by Its Owners’ Favorite Restaurants;11;9
In Strange Times, Eerie Stories Confront the Unknown;11;9
A Haunting Tale of Spies and Specters;11;9
In the Arctic, Reindeer Are Sustenance and a Sacred Presence;11;9
An Artist’s Continuing Exploration of the Human Form;11;9
The T List: Five Things We Recommend This Week;10;29
Nick Cave Asks: Who Gets a Seat at the Table?;11;6
Hawaii’s Reopening May Be Good for Tourism. Is it Good for Locals?;11;6
A Way for the Supreme Court to Protect Religious Minorities;11;5
The 2020 Holiday Gift Guide;11;4
A Vegetarian Chef’s Flavor-Packed Quarantine Snack;11;3
With Bipartisan Deal Elusive, Democrats Push Through Their Own Stimulus Bill;10;2
The Postal Service Needs Fixing. Here’s How It Could Happen.;10;1
The T List: Five Things We Recommend This Week;10;22
Trump Signs Stopgap Spending Bill to Keep Government Funded;9;30
The Joy of Old Clothes;9;2
Tell T a Joke;10;19
An Artist’s Portrait of His Brother;10;30
Enzo Mari, Industrial Designer Who Kept Things Simple, Dies at 88;10;30
Steven Mnuchin’s Deal Staved Off Catastrophe. Can He Make Another One?;9;29
A Glass House in the Mexican Desert;10;29
House Unveils New Stimulus Package as Pelosi and Mnuchin Resume Talks;9;29
How to Staycation in 6 American Cities;10;29
The New York Store Where Furniture Is Theater;10;28
Chaotic Way to Run;10;27
Guess What? More Time Makes a Fashion Show Much Better;10;26
If the Shoe Floats;10;26
Can Fashion Photography Survive the Pandemic?;10;26
Murder Hornet;10;25
The T List: Five Things We Recommend This Week;10;15
Democrats Prepare New Stimulus Plan as Time Wanes for a Compromise;9;24
How to Create Your Own Herbal Tea Garden;10;22
The Artist and Musician Conjuring a World of Queer Fantasy;10;22
The Newest Thing in Fashion? Old Clothes;10;22
House Approves Short-Term Bill to Avoid a Shutdown;9;23
A Bucket Bag Originally Intended to Carry Champagne;10;20
As Far as Luc Tuymans Is Concerned, Nothing Is Original;10;20
Powell and Mnuchin Deliver Optimistic Outlook for Economy;9;22
Angela Davis Still Believes America Can Change;10;19
Sigourney Weaver Goes Her Own Way;10;19
Barbara Kruger Offers a Dark Mirror for Our Meme-Driven Age;10;19
Dawoud Bey, Chronicler of Black American Life;10;19
FKA Twigs Has Reached New Heights;10;19
The Greats;10;19
Ellen DeGeneres Returns to Show With Apology for Toxic Workplace;9;21
Jeff Zucker Helped Create Donald Trump. That Show May Be Ending.;9;21
The T List: Five Things We Recommend This Week;10;8
Despite Everything, People Still Have Weddings at ‘Plantation’ Sites;10;17
The British Design Legend Known for Tailoring With a Twist;10;15
The 25 Most Influential Works of American Protest Art Since World War II;10;15
The Future of Hotel Design;10;14
Macmillan C.E.O. John Sargent Is Departing;9;17
Iceland Tourism Prepares for a Comeback;10;13
The Man Who Made Us Feel for the Animals;9;16
The T List: Five Things We Recommend This Week;10;1
Save Stars and Stripes;9;15
T Process | The Making of a Glass Vase;9;30
Dancing With Rice: A Meditative Pas de Deux at the Met;9;15
Struggling Hotel Owners, Some With Trump Ties, Seek Federal Bailout;9;15
T’s Design & Luxury Issue: Safe Havens;10;1
TikTok’s Proposed Deal Seeks to Mollify U.S. and China;9;14
A Poignant Take on the Controversy Surrounding Public Monuments;10;9
A Gallery Resurgence in Chelsea;10;8
Stella McCartney Had a Question: ‘Why on Earth Would You Be in Fashion?’;10;8
Cooking Class | Yabu Pushelberg;10;7
Matthew Williams on His Givenchy Debut and What Kanye Taught Him;10;7
A Surprisingly Simple Fish Dish From a High-Concept Design Duo;10;7
The Glorious Absurdity of Paris Fashion;10;7
The Hidden Wonders of a City, Made Visible;10;6
Sizing Up the Rural-Urban Travel Divide: Who’s Up and Who’s Down;10;6
Scary Landlord?;10;6
20 Theater Figures on How to ‘Revolutionize’ Their World;9;11
Hopes Dim for More Stimulus as Democrats Block Narrow G.O.P. Plan;9;11
Dish From a Crockpot;10;4
U.S. Imposes Sanctions on Ukrainian With Ties to Russia, Citing Election Interference;9;10
Kenzo Takada, Who Brought Japanese Fashion to the World, Dies at 81;10;4
The T List: Five Things We Recommend This Week;9;24
Against Covid-19, Imperfect Measures Do the Most Good;10;4
A Striking Reversal: Trump’s Attacks on the Military and Defense Contractors;9;9
Four Black Men, Lost in Thought;10;2
Amid a Fashion Month Like No Other, Scenes of a Not-So-Distant Past;10;2
How Many Lives Can a Fashion Brand Have?;10;3
A Foosball Table That Elevates the Level of Play;10;2
The Very Right-Now Allure of Going to Extremes;10;2
A Tiffany Necklace That Transcends Time;10;2
In Morocco, a Compact Apartment Filled With Over 10,000 Curios;10;2
When Invasive Species Become the Meal;10;2
Leaf Peeping Is Not Canceled: 6 Drives and Hikes to Try This Fall;10;2
From Geoffrey Chadsey, a Visual Diary of the Last Days of Summer;10;1
Long Island’s Enduring Black Beachfront Community;10;1
The Artists Giving New Life to Fake Flowers;10;1
Overlooked No More: Lucy Diggs Slowe, Scholar Who Persisted Against Racism and Sexism;10;1
On Long Island, a Beachfront Haven for Black Families;10;1
From Hermès, Jewelry That Listens to the Body;9;30
Petite and Portable Lamps for Brightening Small Spaces;9;30
How Shouting, Finger-Waving Girls Became Our Conscience;9;30
Murano Glass, an Ancient Art Revived;9;30
In Connecticut, a House That Blurs the Boundaries of Time and Place;9;30
Who’s a Fashion Victim Now?;9;30
In a Vast, Empty Swimming Pool, a Fashion Show;9;29
The Incredible Whiteness of the Museum Fashion Collection;9;29
House Tour | Dirk-Jan Kinet;9;29
A Biomorphic Fireplace Surround That Emanates Calm;9;29
André Gregory: Actor, Director, Artist;9;29
In the Heart of Mexico City, an Ever-Evolving Townhouse;9;29
As Temperatures Drop, Elegant and Monochromatic Looks Emerge;9;28
In Milan, Fashion Tries to Go Back to Normal. What Does That Even Mean?;9;28
A Colorful Homecoming for a Milanese Designer;9;28
Design for the Future When the Future Is Bleak;9;28
The T List: Five Things We Recommend This Week;9;17
Trump Moves to Cancel Contracts for Government Sensitivity Training;9;5
The Impossible Case of a Japanese Locked-Room Mystery;9;4
Trump Says He Will Reverse Pentagon Plan to Close Newspaper That Informs and Speaks for Troops;9;4
A Painting Depicting the Precarity of a Single Figure, and of Us All;9;25
Allies and Former U.S. Officials Fear Trump Could Seek NATO Exit in a Second Term;9;3
The Belgian Rose Garden That Inspires Two Fashion Designers;9;25
Looking to Brighten a Room? Try Painting a Lampshade;9;24
A Pandemic-Appropriate Show Ends Its Run in a Newport Cemetery;9;24
Raf Simons and Miuccia Prada Make Civil Discourse Look Lovely;9;24
Its Leader Under Fire, a Southern Food Group Vows to Examine Racism;9;2
The Future of Airbnb;9;24
The Economy Needs Help;9;2
‘I Hate New York’ Review: The Club Kids Are Still Standing;9;1
Mnuchin Says Economy Is Recovering but ‘More Work’ Is Needed to Alleviate Pain;9;1
Watch Full Video: Mnuchin Testifies Before House Coronavirus Panel;9;1
London Fashion Week Gives Good TV;9;22
A London Fashion Week Where Beauty Was a Balm;9;22
How Can I Avoid Feeling Lonely When All My Friends Are Coupled Up?;9;21
Steven Cohen’s Redemption Tour;8;31
The T List: Five Things We Recommend This Week;9;10
Are Exotic Skins Out of Fashion?;9;21
Steven Mnuchin Tried to Save the Economy. Not Even His Family Is Happy.;8;30
Word Ladders;9;19
On Racism and British Fashion;9;19
Smart Relative?;9;19
Are Mushrooms the Future of Wellness?;9;18
Christian Siriano and Tom Ford Have an Unexpected Mind-Meld;9;18
A Saint Laurent Jacket That Defies Expectations;9;18
In Italy, a Fabric Designer’s Wildly Colorful Home;9;18
Mushrooms, the Last Survivors;9;18
Breezy, Colorful Pieces to Make Summer Feel Longer;9;17
Make a Collage With Your Newspaper;9;18
Steel Timepieces That Are Built to Last;9;17
Fall Fashion With Personality;9;17
Art About Waiting — and What It Takes to Endure;9;17
10 Chelsea Boots for Fall;9;16
Why a Designer Held a Fashion Show on a Small New York City Island;9;16
Sweatpants Are Not Forever;9;16
In Fashion: On the Bright Side;9;16
Looking to Past Pandemics to Determine the Future of Theater;9;16
On Long Island, a Timeworn Pool House Steeped in Americana;9;16
The Artist Whose Medium Is Science;9;16
5 Emerging Designers to Watch This Season;9;15
In Fashion: All Work and All Play;9;15
Anchor the Week With Audre Lorde and Chinese Lute Music;9;19
Irene Neuwirth, Jewelry Designer — and Champion Equestrian;9;15
How TikTok’s Talks With Microsoft Turned Into a Soap Opera;8;26
In New Orleans, a Home That’s Gotten Finer With Age;9;15
The T List: Five Things We Recommend This Week;9;3
How Carla Bruni-Sarkozy Has Perfected Zoom Lighting;9;15
A Late-Summer Tomato Sauce — and a Candle to Go With It;9;14
Pearls Are a Boy’s Best Friend;9;14
A Poet of Multitudes, Whose Work Feels Newly Pertinent;9;14
Walt Whitman, Poet of a Contradictory America;9;14
On the Eve of New York Fashion Week, What’s Next?;9;14
Full Analysis of Republican National Convention Night 1;8;25
Kellyanne Conway, Long-Serving Trump Aide, Is Leaving the White House;8;24
Feed a Craving for Eggplants or Italian Film;9;12
How to Revisit Your First Date;9;12
Cooking Class | Beth Bugdaycay;9;11
A Spiritual Study in Blue;9;11
Finding a Place for Third-Culture Kids in the Culture;9;11
A Jewelry Designer’s Prized Family Vegetable Recipe;9;11
Mnuchin Paved Way for Postal Service Shake-Up;8;22
Trump Holds a Rare White House Funeral for His Younger Brother, Robert;8;21
Ann Syrdal, Who Helped Give Computers a Female Voice, Dies at 74;8;20
4 Podcasts to Help Heal Your Mind;9;13
The T List: Five Things We Recommend This Week;8;27
Former Postal Governor Tells Congress Mnuchin Politicized Postal Service;8;20
Harold Ancart Brings His Kaleidoscopic Trees to Chelsea;9;8
Flock to a Bird Fest or a Country Music Concert;9;6
How to Both Work and School From Home;9;5
Could You Repeat That Number?;9;5
Remember Your Summer With Sun Prints;9;5
Welcome, Democrats, to Wherever It Is That We Are;8;17
Treasured Recipes From Some of Italy’s Fashion Families;9;4
‘A Glorious Thing to Be’;9;5
Trump Says He’ll Look Into a Pardon for Edward Snowden;8;16
The T List: Five Things We Recommend This Week;8;20
Recreating Home Ice, Far From Home;8;15
Senators Criticize Guantánamo Prison Coronavirus Plan;8;14
For Simone and Max Rocha, Family Has Always Been a Source of Inspiration;9;1
A New Book from a Renowned Photographer of Interiors;8;31
What Belarusians Can Learn From Poland;9;1
Trump’s Cabinet From Hell;8;12
Administration Reaches Out to Democrats on Stimulus Bill;8;12
Crisis in the Nation, Crickets on Capitol Hill;8;11
T Process | Pierre Davis;8;10
A Poignant Portrait of a Childhood Friend;8;28
A Sculptural Sofa, Rereleased for the First Time;8;28
Jackie O.’s Bag of Choice, Rebranded in Her Name;8;28
The T List: Five Things We Recommend This Week;8;13
Today’s Chefs Are Honoring a Vital Tradition: Feeding the Revolution;8;28
Governors Say Trump’s Order on Pandemic Relief Could Wreck State Budgets;8;10
Remember the ‘Travel Bubble’? Here’s How It Burst;8;28
T Process | Aiko Hachisuka;8;10
Watch Report: The Inner Workings;8;27
Voluminous Fashions for Dreamy Fall Nights;8;27
17th-Century Dutch Painting Is Stolen. Again.;8;27
The Dual History of Poisonous Flowers;8;27
Trump’s Directives Were Supposed to Offer Relief. Most May Not.;8;9
T Process | Sophia Moreno-Bunge;8;10
The Photographer Capturing Unvarnished Truths;8;27
Trump’s Orders on Coronavirus Relief Create Confusion;8;9
The New Power Dressing;8;26
A Garden Designed to Run Wild;8;26
A Cartier Necklace With Opals That Shine Like River Stones;8;26
A Cozy Cottage on an Island Northeast of Stockholm;8;26
Pelosi Is Playing Hardball on Coronavirus Relief. She Thinks She’ll Win.;8;8
10 Pillowy Bags for Fall;8;25
Dress Like You’re Ready for Anything;8;25
Republicans and Democrats Remain Divided on Stimulus Package;8;7
AT&T Signed Up 4 Million HBO Max Customers;7;23
The Actors With Disabilities Redefining Representation;8;25
Trump Threatens to Bypass Congress as Stimulus Talks Fail Again;8;7
Oversight Member Blasts the Fed’s Efforts to Rescue Main Street;8;7
Trump Administration Penalizes Hong Kong Officials for Crackdown on Protesters;8;7
Vibrant Fashions to Brighten One’s Look and Mood;8;24
Rethinking Who and What Get Memorialized;8;24
America’s Monuments, Reimagined for a More Just Future;8;24
At the Census Bureau, a Technical Memo Raises Alarms Over Politics;8;6
As Jobs Report Looms, White House and Congress Say Stark Divisions Remain Over Stimulus Plan;8;6
Who Was Behind the Largest Mass Arrest in U.S. History?;8;6
White House and Congress Remain Far From Any Stimulus Deal;8;6
The T List: Five Things We Recommend This Week;8;6
Another Man Used Covid Relief Money to Buy a Lamborghini, Prosecutors Say;8;5
A Portrait of a Man Named Jonathan;8;21
Trading Concessions on Recovery Plan, Negotiators Set Week’s End Deadline for a Deal;8;4
The New York Cafe Where Writers Go to Work — and Eat Cake;8;21
A Longstanding and Most Iconic Motif Is Reimagined;8;20
With Jobless Aid Expired, Trump Sidelines Himself in Stimulus Talks;8;3
For Gregory Crewdson, Truth Lurks in the Landscape;8;20
Rescue of Troubled Trucking Company With White House Ties Draws Scrutiny;8;3
5 Things We Know About Flying Right Now;8;20
In Berlin, a Loft That Is Part Gallery and Part Roller Rink;8;19
Relief Package Deal Remains Elusive as Impasse Over Jobless Benefits Persists;8;2
Deutsche Bank Opens Review Into Personal Banker to Trump and Kushner;8;2
3 Art Gallery Shows to See Right Now;8;19
Michelle Obama Urged Everyone to Vote. Her Necklace Spelled It Out.;8;18
The T List: Five Things We Recommend This Week;7;30
Join the Final Drive to Suffrage;8;15
As Trump Undercuts Aid Talks, White House Says Extra Jobless Benefits Will Lapse;7;29
U.S. Will Cut 12,000 Forces in Germany;7;29
Tackling a Century-Old Mystery: Did My Grandmother Vote?;8;14
Despite Evidence, Park Police Chief Says ‘Tremendous Restraint’ Was Used in Lafayette Clash;7;28
‘I Just Don’t Get It’: Republicans Balk at Funding F.B.I. Building in Virus Bill;7;28
The T List: Five Things We Recommend This Week;7;23
National Guard Officer Says Police Used ‘Excessive’ Force at White House Clash;7;27
As Republicans Embrace Cut in Jobless Aid, Divisions Weaken Their Leverage;7;27
Trump Officials Float Idea of Narrow Bill to Extend Unemployment Benefits;7;26
A Designer Making Clothes for Black Femmes — and for Everyone Else, Too;8;10
15 Creative Women for Our Time;8;10
The Designer Bringing Traditional Persian Fabrics to British Men’s Wear;8;10
The Artist and Filmmaker Envisioning a Safer World for Black Women;8;10
In Niger, an Architect Looking to the Country’s Design Traditions;8;10
The British Designer Paying Tribute to the Immigrant Experience;8;10
The Rising Photographer Inspired by Her Home Country;8;10
The Artist Unraveling American History;8;10
A Floral Designer Who Forages in the Hills of Malibu;8;10
Daniela Soto-Innes Is One of the Most Exciting Chefs Working Today;8;10
The Acclaimed Soba Maker Who Champions Home Cooking;8;10
Juliana Huxtable’s Next Chapter;8;10
A Designer Who Got Her Discipline From Dance;8;10
The Jewelry Designer Inspired by Ancient Rituals and Artifacts;8;10
The Artist Making Bulbous, Colorful Sculptures Out of Thrifted Clothes;8;10
The Designer Who Gives Her Pieces Minds of Their Own;8;10
The Retirement Savings Coach You Already Know;7;25
‘Perry Mason’ Season 1 Finale Recap: The Defense Rests;8;10
Craft Show;8;8
The T List: Five Things We Recommend This Week;7;16
Perfect the Art of Pickling and Ponder a Night of Poetry;8;8
Republican Stimulus Talks Stall Over Differences on Unemployment;7;24
A Hedge Fund Bailout Highlights How Regulators Ignored Big Risks;7;23
A Different View of a Jamaican Dancehall;8;7
Here’s How to Crush the Virus Until Vaccines Arrive;8;7
Republicans, Deeply Divided on Virus Aid, Near Agreement on an Opening Offer;7;23
Canada to U.S. Visitors: Please Don’t Sneak Across the Border;8;7
Inspired by Memories and Remedies, Earthy Home Scents From Loewe;8;6
A Company Backs a Cause. It Funds a Politician Who Doesn’t. What Gives?;7;21
Water, Sand and Plenty of Elbow Room on 8 Wild, Protected Coastlines;8;6
Felony Charges Filed Against St. Louis Couple Who Pointed Guns at Protesters;7;20
Republicans, Still at Odds Over Aid Package, Eye $1 Trillion Opening Offer;7;20
The T List: Five Things We Recommend This Week;7;9
A Home Inscribed With the History of Venice Beach;8;3
‘Perry Mason’ Season 1, Episode 7: Resurrection Sunday;8;3
Pentagon Sidesteps Trump to Ban the Confederate Flag;7;17
Mnuchin Calls for Congress to Pass More Stimulus This Month;7;17
How Should I Respond to Overzealous Gestures of Sympathy?;7;31
In a 19th-Century Cart House, a Designer Creates a Room of Her Own;7;31
The T List: Five Things We Recommend This Week;7;2
A Food Writer’s Sicilian Pasta Dish, and Tips for Sharing It;7;29
The T List: Five Things We Recommend This Week;6;25
Kansai Yamamoto, Designer With Ziggy Stardust as a Client, Dies at 76;7;27
‘Perry Mason’ Season 1, Episode 6 Recap: Disorder in the Court;7;27
Shed Your Quarantine Skin (and Hair and Nails), Safely;7;25
A Portrait of an Artist Not to Be Underestimated;7;24
An Investor Bought Billions in Stocks When It Really Hurt;7;9
Yoshitomo Nara Paints What He Hears;7;24
Luis Barragán’s Forgotten Works, Revisited;7;24
Congress Presses Military Leaders on Suspected Russian Bounties;7;9
High-Yield Bonds Have Been Behaving a Lot Like Stocks;7;9
A Work in Progress That Explores Our Collective Ignorance;7;23
Stocks That Could Thrive in a Post-Pandemic World;7;9
A Coffee Chain Reveals Flaws in the Fed’s Plan to Save Main Street;7;9
Eight Artists on the Influence of Tom of Finland;7;23
Angels and Artisans;7;23
How New York’s Jewish Museum Anticipated the Avant-Garde;7;23
An Artist Who Reanimates Extinct Species;7;23
How Equity Is Lost When Companies Hire Only Workers With Disabilities;7;23
Army Officer Who Clashed With Trump Over Impeachment Is Set to Retire;7;8
A Calming Meditation on Nigeria’s Jos Plateau;7;22
True Crime Podcasts at the Intersection of Race;7;25
