How Postpartum Breast Cancer Changed My Parenting Plans;9;17
Panicked Shoppers Empty Shelves as Coronavirus Anxiety Rises;3;13
Stocks Plunge Again on Coronavirus Fears;3;5
Halfhearted Millennial Coronavirus Prep in a New York City Apartment;3;10
Life in Seattle, America’s Coronavirus Capital;3;5
Pilgrim’s Pride Chief Executive Is Accused of Price Fixing;6;3
Instacart Shoppers Plan to Strike Over Coronavirus Protections;3;28
A Steal Might Actually Be a Raw Deal;8;14
‘Dead Inside’: The Morgue Trucks of New York City;5;27
As the U.S. vaccine drive lags, a fast-moving coronavirus variant reaches a second state.;12;30
‘There Is Plenty of Food in the Country’;3;15
He Professed His Love at 16, Then Waited;6;5
Coronavirus, Don Shula, J. Crew: Your Tuesday Briefing;5;5
Sentenced for Three Strikes, Then Freed. Now Comes a Pushback.;5;12
U.S. Officials Say Covid-19 Vaccination Effort Has Lagged;12;30
Kind Bars to Be Acquired by Maker of Snickers;11;17
Major Retailers in Britain Say No to Glitter for Christmas;10;15
Muslim Woman Was Forced to Remove Hijab for Booking Photo After Arrest, Advocacy Group Says;6;23
Ending 2020 With a Sweet Bit of Release;12;25
New York Accuses Egg Producer of Price Gouging in Pandemic;8;11
Proceed to Baggage Claim for Your Luggage (and Future Husband);10;23
Duncan Hunter’s Wife, Margaret, Is Sentenced for Stealing Campaign Funds;8;25
The Passion of Perfume Genius;4;29
‘We Noticed a Man Who Was Standing in the Street Near the Curb’;6;28
The Week in Business: The Fight Over Inflammatory Language;6;7
The Deal Not Taken;3;21
A Book Club Without Required Reading (or the Cheese Spread);2;12
Walmart, Nation’s Largest Retailer, Will Require Customers to Wear Masks;7;15
Not Rockin’ the Suburbs;7;20
Never Mind the Internet. Here’s What’s Killing Malls.;2;13
Should Funeral Homes Be Required to Post Prices Online?;6;12
A Beloved Philanthropist, a Grisly Murder and a Neighborhood in Shock;2;11
What Ever Happened to Saying ‘Thanks’?;8;20
Coronavirus Is Very Different From the Spanish Flu of 1918. Here’s How.;3;9
Coronavirus Briefing: What Happened Today;6;26
Is There Really a Toilet Paper Shortage?;3;13
Review: Shrinking Lives at a Big Box Store in ‘Paris’;1;22
With Kids Learning From Home, Children’s Publishers See a Spike;3;24
Teyana Taylor Keeps Her Skin Care Natural and Her Brows Defined;6;10
Task Force, Meat Shortage, Madagascar: Your Tuesday Evening Briefing;5;5
Michelle and Bernie Speak Their Truth;8;18
The Healing Power of ‘Steven Universe’;3;28
Are You an Anti-Influencer?;3;5
Parenting With Agoraphobia Is Hard. It’s Harder in a Pandemic.;12;15
Coronavirus Surge, Afghanistan, Pride Month: Your Friday Evening Briefing;6;26
What We Like About Pandemic Shopping;11;23
Coronavirus Briefing: What Happened Today;11;16
Coronavirus Vaccine, China, Baseball: Your Wednesday Evening Briefing;7;22
Surprise Ending for Publishers: In 2020, Business Was Good;12;29
What to Know About the Coronavirus Spread in California;3;6
How to Fight That Sinking Feeling;3;2
U.S. Restricts Chinese Apparel and Tech Products, Citing Forced Labor;9;14
In Arizona, Voting During a Pandemic Is a Way to Feel Normal;3;16
‘None of Us Saw It Ending This Way’: Peace Corps Volunteers Evacuate Abruptly;3;25
Coronavirus Outbreak Will Spread in New York City, Officials Warn;3;2
REI Faces Staff Backlash Over Response to Covid-19 Cases;7;19
Please, Listen to Experts About the Coronavirus. Then Step Up.;3;11
Leave It in ‘Early Quar’?;12;14
Vaccine, Biden, Arctic Oil: Your Monday Evening Briefing;11;16
‘People Would Be So Receptive Right Now, and We Can’t Knock on Doors.’;4;19
Social Security Seemed Like a Future Problem. The Virus Changed That.;10;28
Elon Musk Is ‘Not Messing Around’;5;11
Alone on the Road, a Trucker’s Long Haul as America Fights the Virus;3;28
The Companies Putting Profits Ahead of Public Health;3;14
Coronavirus Briefing: What Happened Today;11;2
Gone but Never Forgotten in a Quilt;12;16
Your Friday Briefing;11;5
Banned Events. Empty Arenas. Cities Retrench in the Face of Coronavirus.;3;11
Nike and Coca-Cola Lobby Against Xinjiang Forced Labor Bill;11;29
Target, Don’t Tell Me You ‘Stand With Black Families’;6;12
Coronavirus, Anthony Fauci, California: Your Tuesday Briefing;5;12
Send Joy During a Stressful Year With a Holiday Card;11;13
The Chaotic Circle of Caregiving;10;8
Restaurant Workers Get a Final Paycheck and a Meal From Their Peers;3;24
They Prepared for the Worst. Now Everyone’s a Prepper.;3;17
Your Friday Briefing;11;6
The Reopening, in 5 Charts;5;26
How to Protect the 2020 Election;8;11
Meat Plant Closures Mean Pigs Are Gassed or Shot Instead;5;14
Spit On, Yelled At, Attacked: Chinese-Americans Fear for Their Safety;3;23
Outdoors Innovation;7;31
How Do I Make Thanksgiving Grocery Shopping Safer?;11;19
The Setups for Outdoor Winter Dining Are Lavish. But Are They Safe?;11;9
Readers Have Been Eagerly Waiting for Barack Obama’s New Memoir. Struggling Booksellers Have, Too.;11;15
Captain of the Day Traders;6;15
‘Our Luck May Have Run Out’: California’s Case Count Explodes;6;29
Traffic and Pollution Plummet as U.S. Cities Shut Down for Coronavirus;3;22
Here’s Why Distribution of the Vaccine Is Taking Longer Than Expected;12;31
The Biden Spin on ‘America First’;12;2
The Pandemic Isn’t Bringing Back Factory Jobs, at Least Not Yet;7;22
McDonald’s Joins Walmart and Dozens of Other Chains With Mask Mandates;7;21
How to Protect Older People From the Coronavirus;3;14
Pandemic Reaches Grim Milestone as Biden Moves to Take Charge;11;10
What to Do With 50 Pounds of Potatoes? The Quandaries of Bulk Buying;5;11
The King of D.I.Y. Dwellings;3;11
A Handbook to Today’s Tech Hearing;7;29
Facing Adulthood With an Economic Disaster’s Lasting Scars;5;19
Antioch, Calif.: ‘Last Bastion of the Good Commute’ in the Bay Area;2;25
Is Goldman Sachs Going to Florida?;12;7
Your View of Staying Home;4;23
My Tireless Quest for a Tubeless Wipe;2;28
The Quiet Hand of Conservative Groups in the Anti-Lockdown Protests;4;21
They Heard Kobe Bryant’s Helicopter Go Down. Then They Prayed.;1;30
Wall Street Rallies for a Second Day as Oil Prices Rise: Live Updates;5;5
7 Ways the Pandemic Has Changed How We Shop for Food;9;8
They’re Making the Rent. Is It Costing Their Future?;8;21
Stocks Waver as China Tensions Climb;5;4
Sabrina Ionescu’s Big Moment Wasn’t the One She Expected;3;28
U.S. Businesses Take Steps to Reopen;5;6
Trump Speaks on China. Markets Rise;5;29
U.S. Jobless Claims Pass 40 Million: Live Business Updates;5;28
It’s 2022. What Does Life Look Like?;7;10
Trump Says Task Force Will Wind Down;5;5
‘Wow, Everything’s Gone’: The Covid Class of 2020;5;30
Best Sellers Sell the Best Because They’re Best Sellers;9;19
How the Stoop and the Sidewalk Helped New Yorkers Stay Sane;6;14
All 315 Wirecutter Budget Picks;5;12
Germany and U.S. on Divergent Paths to Reopen;5;6
Leaf Peeping Is Not Canceled: 6 Drives and Hikes to Try This Fall;10;2
Trump Administration Aims to Block New Funding for Coronavirus Testing and Tracing;7;18
How New Jersey’s First Coronavirus Patient Survived;4;5
Honduran President Tests Positive;6;16
A Year Like No Other: 2020 in Pictures;12;9
Coronavirus Gloom, and Rays of Hope;11;12
Coronavirus Poems to the Editor: ‘Death Too Wears a Mask’;5;22
