This Isn’t Just JPMorgan’s Problem;9;16
There’s Covid in the Office. Who Should Know?;9;25
Dust Off Desks and Boot Up Terminals: Wall St. Returns, Fitfully;9;23
Banks Suspected Illegal Activity, but Processed Big Transactions Anyway;9;20
A New Spin on SPACs;9;18
Who’s the Next Woman to Take Over on Wall Street?;9;11
Justice Dept. Announces Dozens of Fraud Charges in Small-Business Aid Program;9;10
Coronavirus Tests the Leadership Style of Goldman Sachs’s C.E.O.;8;11
Interest Rates Are Low, but Loans Are Harder to Get. Here’s Why.;8;4
One of America’s Oldest Gun Makers Files for Bankruptcy for 2nd Time;7;28
Businesses Are Supposed to Cut Debt in a Downturn. Why Not Now?;7;20
Big Banks’ ‘Revolutionary’ Request: Please Don’t Weaken This Rule;7;16
JPMorgan Announces New Diversity Push;3;31
The ‘Moment of Truth’;7;15
Banks Stockpile Billions as They Prepare for Things to Get Worse;7;14
JPMorgan Chief Executive Jamie Dimon Has Emergency Heart Surgery;3;5
Democrats Say JPMorgan’s Response to Racism Questions Was Lacking;1;16
Pandemic preparations cut JPMorgan’s second quarter earnings in half.;7;14
Trump Announces His ‘Opening the Country’ Council;4;15
‘Banking While Black’: How Cashing a Check Can Be a Minefield;6;18
Manhattan Faces a Reckoning if Working From Home Becomes the Norm;5;12
Banks Gave Richest Clients ‘Concierge Treatment’ for Pandemic Aid;4;23
Big Banks, Readying for a Recession, Set Aside Billions;4;14
Businesses Say Big Banks Flouted ‘First Come First Served’ for Aid;4;20
Stuck in the Past on the Climate;4;24
Who Tells Trump When to Restart the Economy;4;15
Jamie Dimon Expects a ‘Bad Recession’;4;6
As Virus Hobbles Economy, Companies Race to Tap Credit and Raise Cash;3;31
Big Banks Ended 2019 on a High Note;1;14
Frenzy and Desperation as Small Businesses Grab for Government Aid;4;3
A trove of bank reports shows the widespread flow of illicit money.;9;21
The Stock Buyback Binge May Be Over. For Now.;3;24
As Market Convulses, Big Banks Plan to Borrow Funds From Fed;3;17
Trump to Meet Bank Executives Amid Market Turmoil;3;10
Boeing’s C.E.O. Throws His Predecessor Under the Plane;3;6
Want to Do Something About Climate Change? Follow the Money;1;11
Three takeaways from this week’s earnings reports.;7;17
Amid Virus and Market Tumult, Wall Street Lives a New Reality;3;19
FreshDirect, After Broken Eggs and Angry Customers, Stages a Comeback;2;21
When will offices be full again? Maybe never, some executives say.;10;16
Barclays C.E.O. Faces U.K. Inquiry on Jeffrey Epstein Ties;2;13
I Study Corporate Welfare. Even I Was Shocked by This Cronyism.;9;4
Regulators May Punish Deutsche Bank for Its Jeffrey Epstein Ties;6;2
Banks Can Resume Buybacks and Pay Dividends if They’re Profitable, Fed Says;12;18
Supriya Menon, Steven Lesser;1;5
American corporations are bingeing on debt in the downturn.;7;21
Delta Plans to Go Carbon Neutral. Yes, You Read That Right.;2;14
Big banks brace for ugly quarterly earnings.;7;10
Morgan Stanley reports record profits.;7;16
C.E.O.s Pledge to Hire 100,000 Low-Income and Minority New Yorkers;8;11
Big Banks Aren’t Embracing Fed’s Main Street Loan Program;7;8
Erin Mills, Mark Haslinger Jr.;1;5
Embattled L Brands Appoints Sarah Nash as Board Chair;3;12
Stocks end the day with a loss after erasing early gains.;7;14
What We Learned From the DealBook Online Summit;11;19
No Relief in Sight;10;7
Barclays Urged to Remove C.E.O. From Board Over Epstein Ties;3;2
Airbnb Imagines a ‘Stakeholder’ World;1;17
The U.S.-China Trade Deal Leaves Many Questions Unanswered;1;15
Here’s the DealBook summit Day 2 lineup.;11;17
Something Elizabeth Warren and Jamie Dimon agree on: The presidential transition must begin.;11;18
The Davos Plutocrats Warm Up to Trump;1;20
Want More Diversity? Some Experts Say Reward C.E.O.s for It;7;14
Take It or Leave It;10;1
Citigroup’s Fraser to Be First Woman to Lead a Big Wall Street Bank;9;10
Tesla is joining the S&P 500, and that could have investors scrambling to buy its shares.;11;17
Stocks Surge as Virus Slows in Some Areas;4;6
Dismal Earnings, Bullish Stock Investors and the Fed’s Invisible Hand;5;27
With Deficit Swelling, U.S. Will Issue New Class of Bonds;1;17
Wells Fargo Is Said to Be Near Settlements Over Sales Practices;2;21
The federal deficit balloons to a record $3.1 trillion, even as the pain for jobless workers sharpens.;10;16
These Are the Perks Companies Use to Get Workers Back to Their Offices;10;30
Troubles Percolate in the Plumbing of Wall Street;3;12
Recession’s Silver Lining: American Households Are Doing Better Than Expected;10;27
Biden’s Top Diplomat Will Try to Rebuild Bridges;11;23
What Happens to the Unemployed When the Checks Run Out;12;14
Bonds Hit Historic Lows, Prompting Fed to Ponder: What More Can We Do?;3;6
How Bad Will the Economy Get? Companies Will Provide Clues;4;14
Stocks Continue Record Climb as Earnings Overshadow Impeachment;1;16
HSBC Plans to Cut 35,000 Jobs, Weighed Down by Virus and Hong Kong Unrest;2;18
Coronavirus Is Hitting Black Business Owners Hardest;6;18
Spiraling Virus Fears Are Causing Financial Carnage;3;7
Will New York Go for Another Wall Streeter as Mayor?;10;16
Mortgage Lenders Consider Plan to Suspend Payments Amid Crisis;3;17
Ant Group Set to Raise $34 Billion in World’s Biggest I.P.O.;10;26
Stocks Fall as Second Virus Case in U.S. Spooks Investors;1;24
Coronavirus Turmoil in 5 Charts, 10 Quotes, 5 Photos and 1 Map;3;10
Brexit Is Nipping at London’s Role as a Financial Powerhouse;11;27
Help! My Travel Agency Shut Down and I’m Out $2,000;10;22
Winners and Losers of the Trade Deal;1;16
Victoria’s Secret and Sycamore Partners Play ‘Let’s Break a Deal’;4;23
Netflix Moves $100 Million in Deposits to Bolster Black Banks;6;30
Jeffrey Epstein’s Mystery Bank Came Alive After His Death;2;4
How to Revive the Economy, and When to Worry About All That Debt;12;16
Trying to Correct Banking’s Racial Imbalance;6;30
Stocks and Bond Yields Sink, Capping a Week of Wild Trading;3;6
A Presidential Pardon for the ‘Junk Bond King’;2;19
When Sheltering in Place Puts Your Tax Strategy at Risk;5;15
Summer Internships Won’t Be the Same This Year;4;20
Working From Home Feeds Market’s Woes in Little Ways That Add Up;4;12
Victoria’s Secret Sale at Risk as Buyer Blames Virus Response;4;22
Trump Basks in Trade Victory With Corporate Friends;1;16
The Week in Business: TikTok’s Last-Minute Save;9;20
Elon Musk Delivers a Big Surprise;7;23
The Year in Deals Can Be Summed Up in 4 Letters;12;19
Trump Administration Restricts Entry Into U.S. From China;1;31
Meet the Speakers for the DealBook Online Summit;11;12
The Fed Simplifies Capital Rules, a Change Sought by Big Banks;3;4
Save America’s Restaurants;11;19
As Coronavirus Stifles China, Economic Logjams Build Worldwide;2;11
Coronavirus Thwarts Business Travelers Who ‘Need to Be in the Room’;2;1
The Week in Business: Twitter’s Mystery Hackers;7;19
As Crisis Deepens, Companies Hand Out Cash to Workers;3;21
A Bank in Midtown Is Cleaned Out of $100 Bills;3;14
Deutsche Bank Reports Huge Loss for 2019;1;30
Virgin Islands Will Subpoena Billionaire Investor in Epstein Case;8;23
We Need Real Economic Stimulus;3;14
All About Ant Group, the Next Big Tech I.P.O.;10;26
New Gold Rush Pushes Price to Record Highs;7;27
The Week in Business: Coronavirus Sends Markets Into a Panic;3;8
1 Percent of P.P.P. Borrowers Got Over One-Quarter of the Loan Money;12;2
Could Limiting Corporate Candidates Hurt Biden’s Diversity Push?;11;20
Large, Troubled Companies Got Bailout Money in Small-Business Loan Program;4;26
TikTok Makes a Deal (Not That One);8;17
The Eye of the Bankruptcy Storm;7;17
Netflix’s Big Idea to Support Black Communities;6;30
LeBron James Joins the Line-up for Day 2 of the DealBook Online Summit;11;18
Big Blank Checks;7;14
What C.E.O.s Are Worried About;11;25
Help Is On the Way, Restaurants Are Told. But Will It Work?;4;21
Grim Economic Outlook Grips Markets as Stocks Plummet;3;16
It May Be the Biggest Tax Heist Ever. And Europe Wants Justice.;1;23
What to Expect From White-Collar Prosecutions in 2020;1;14
A New Activist Playbook;10;8
Is This How the TikTok Saga Ends?;9;14
A Mighty Ant;10;27
Coronavirus Briefing: What Happened Today;9;10
The Fed Has Awesome Powers. But It Is Fighting a Virus.;3;27
To Withhold or Not: Trump’s Order Gives Employers a New Dilemma;8;10
How a Bakery Survives the Pandemic Apocalypse;4;19
Fed May Ease Lending Curb on Wells Fargo to Help Small Businesses;4;6
‘Now Is the Time’: A Fed Official Urges Congress to Plan for Recessions;2;21
Is This Trump’s Next Chinese Target?;9;23
What if There Isn’t a Vaccine for Years?;9;9
As ‘Blue Wave’ Chances Crash, Wall St. Warms to Divided Government;11;4
Investors Start to Ask: What if Biden Becomes President?;7;7
I’m Not Ready to Go Back to Restaurants. Is Anyone?;6;30
How Amazon, Geico and Walmart Fund Propaganda;1;21
Wells Fargo’s Ex-Chief Fined $17.5 Million Over Fake Accounts;1;23
Jobless Workers Built Up Some Savings. Then the $600 Checks Stopped.;10;16
How Bad Could It Get? Companies Gauge the Coronavirus Impact;2;28
Goldman Sachs Is Remaking Itself (Again);1;29
Warren Buffett’s Optimistic? Pessimistic? No, Realistic;5;3
2,596 Trades in One Term: Inside Senator Perdue’s Stock Portfolio;12;2
Nobody Knows What’s Happening With TikTok;9;17
An Airline Bailout Is Taking Shape;4;14
Student Visas, China, Cake Memes: Your Tuesday Evening Briefing;7;14
Federal Reserve Moves to Pump Up Small Business Lending;4;6
Failing to Help Those Who Need It Most;4;24
American Oil Drillers Were Hanging On by a Thread. Then Came the Virus.;3;20
Trump’s ‘Opening Our Country Council’ Runs Into Its Own Opening Problems;4;16
Why Trump is Pushing for Higher Oil Prices;4;13
Which Consumer Lenders Are (and Aren’t) Helping the Most;3;17
U.S. Stocks Plunge as Coronavirus Crisis Spreads;2;24
‘Corporate America Has Failed Black America’;6;6
Bloomberg Is Right About the 2008 Financial Crash;2;15
Capitalists Make Their Case Against Sanders;3;3
As States Push to Reopen, Business Leaders Say Not So Fast;4;26
BlackRock C.E.O. Larry Fink: Climate Crisis Will Reshape Finance;1;14
Supreme Court, Election 2020, U.S. Virus Surge: Your Monday Evening Briefing;10;26
Drugmaker Pauses Covid-19 Vaccine Trial for Safety Review;9;8
Federal Reserve’s Emergency Loan Programs at Center of Political Fight;11;9
Coronavirus Briefing: What Happened Today;5;12
Markets Plunge as a Global Recession Appears Almost Inevitable;3;16
Money, Morality and a Challenge to Silicon Valley;2;10
Congress Steps Up Pressure as Trump Administration Evades Bailout Oversight;6;16
Some Banks Keep Customers’ Stimulus Checks if Accounts Are Overdrawn;4;16
Fed Debates Next Steps After Shifting Approach to Rate-Setting;9;16
That Didn’t Take Long;3;4
A Wall St. Giant Says Sanders Would ‘Ruin’ the Economy;2;12
150 Big Businesses Warn Mayor of ‘Widespread Anxiety’ Over N.Y.C.’s Future;9;10
European Banks Prepared for a Crisis. But Not This One.;4;6
Tesla, Profitable at Last, Bulls Its Way Into the S&P 500;12;18
Your Tuesday Briefing;10;26
TikTok, Huawei and the ‘Splinternet’;8;18
Here’s What Companies Are Promising to Do to Fight Racism;6;19
A Decade of Jobs Destroyed in a Month;4;16
Small Businesses Seek a Crisis Lifeline Beyond Loans;3;23
Yang Presses Forward, Wiley Is Sidelined: Highlights From Mayor’s Race;12;28
Fed Gives Banks a Break to Keep Markets Calm, Asking for Little in Return;4;15
Cruise Industry, a Symbol of the Pandemic, Scrambles to Survive;4;7
Policymakers and the Pandemic: Now What?;5;20
‘Less Optimistic’ and ‘More Cautious’: Top C.E.O.s Fret as Virus Cases Rise;7;20
A Big, Once-Reliable Source of Investor Cash Is Drying Up;4;24
Worried About Paying Your Rent or Mortgage in California?;3;26
Bitcoin Hits New Record, This Time With Less Talk of a Bubble;11;30
Remote but Inclusive for Years, and Now Showing Other Companies How;10;18
End of $600 Unemployment Bonus Could Push Millions Past the Brink;7;21
Fed Limits Bank Payouts and Suspends Share Buybacks as Pandemic Grinds On;6;25
Obama Says U.S. Lacks Leadership on Virus in Commencement Speeches;5;16
Morgan Stanley to Buy E-Trade, Linking Wall Street and Main Street;2;20
Their Finances Ravaged, Customers Fear Banks Will Withhold Stimulus Checks;12;31
N.F.L.’s Push Ahead With Season Rankles Workers in the Home Office;8;7
Why the Working Class Votes Against Its Economic Interests;7;31
Loan Money Runs Out While Small-Business Owners Wait in Line;4;16
With Demand Soaring, Congress Weighs Adding $250 Billion in Small-Business Aid;4;7
The U.S. Shut Down Its Economy. Here’s What Needs to Happen in Order to Restart.;3;22
Stocks Surge as Biden Leads Super Tuesday Results;3;4
Warren Buffett Has a Problem With ‘Independent’ Directors;2;24
Trump Admits Defea … Never Mind;11;16
Trump Administration Finalizes Plan to Open Arctic Refuge to Drilling;8;17
Where a Little Mortgage Goes a Long Way;8;2
Stocks Climb as Investors Look to Washington;3;10
Iran’s Economy Is Bleak. Its Stock Market Is Soaring.;2;13
Relief Deal Would Give Small Businesses a Shot at a Second Loan;12;21
Second Epstein Investigation Begins at Victoria’s Secret, but What’s Changed?;11;18
How Does Harris View Big Business? Her Time as California’s Top Lawyer Offers Clues;10;30
Apollo Clients Await Inquiry’s Findings on Chief and Jeffrey Epstein;10;26
Automated Judging Changed the U.S. Open. Except at a Crucial Moment.;9;10
Trump and Biden Will Fight the Election With Charts;5;28
You Have to Pay to Give Oil Away;4;21
How to Build an Emergency Fund in the Middle of an Emergency;3;20
Workplace vs. Coronavirus: ‘No One Has a Playbook for This’;3;5
Finance Ministers Grapple Over Economic Threat of Climate Change;2;23
How Amazon Keeps Defying Gravity;1;31
Biden’s Inaugural Will Be Mostly Virtual, but Money From Donors Will Be Real;12;17
Some Companies Seeking Bailouts Had Piles of Cash, Then Spent It;4;24
April Bills Loom. The Economy Hangs on How Many Are Left Unpaid.;3;28
A $2 Trillion Lifeline Will Help, but More May Be Needed;3;25
The Winners and Losers From T-Mobile and Sprint’s Merger Saga;2;11
Goldman’s Playbook for More Diverse Corporate Boards;1;24
Stimulus Deal Provides Economic Relief, for Now;12;21
July Is the New January: More Companies Delay Return to the Office;10;13
As the Election Looms, Investors See Uncertainty. They Don’t Like It.;9;30
What’s a Palantir? The Tech Industry’s Next Big I.P.O.;8;26
German Banks Push Back as American Investors Seek More Influence;8;5
New Yorkers Can Now Go Back to Offices, but Many Won’t;6;22
Another Rocky Day in the Markets as the Coronavirus Spreads;2;26
New Hope for White-Collar Job Seekers? It Depends on the Job;6;21
A Wall Street Bank’s Hard-Driving Culture Pushes Traders Into the Office;4;9
Scary Times for U.S. Companies Spell Boom for Restructuring Advisers;3;30
For Farmers, Stimulus Bill Means Subsidies Continue to Flow;3;27
Another Rocky Day in the Markets as the Coronavirus Spreads;2;26
Your Monday Briefing;2;24
Blade Takes Off for the Stock Markets;12;15
The Tiny Bank That Got Pandemic Aid to 100,000 Small Businesses;6;23
What Satya Nadella Thinks;5;14
As the Coronavirus Damage Spreads, Talk Turns to Bailouts;3;11
Is This the Next Leader of the Fed?;2;13
Jeff Bezos Cast in a Role He Never Wanted: Amazon’s D.C. Defender;7;27
Here’s How Congress Might Replace the Extra $600 Weekly Jobless Benefit;7;23
Federal Aid Has So Far Averted Personal Bankruptcies, but Trouble Looms;7;17
Gaining Skills Virtually to Close the Inequality Gap;6;7
Small-Business Aid Bill Faces Delay as Democrats Seek More Funds;4;8
The Business Leaders Trump Asks for Advice on the Coronavirus;4;3
What Will Fill a $4 Trillion Hole in the Economy?;3;23
Davos Warms to Trump’s Results (if Not Him Personally);1;21
A Hedge Fund Bailout Highlights How Regulators Ignored Big Risks;7;23
In Its 50th Year, Davos Is Searching for Its Soul;1;19
Paternity Leave Has Long-Lasting Benefits. So Why Don’t More American Men Take It?;4;17
Frantic for Coronavirus Gear, Americans in Need Turn to China’s Elite;4;24
Coronavirus Cost to Businesses and Workers: ‘It Has All Gone to Hell’;3;15
Stocks Tumble After the Fed Cuts Rates;3;3
Big Business Pledged Gentler Capitalism. It’s Not Happening in a Pandemic.;4;13
Priorities for a Post-Pandemic World;12;9
The Markets Like What They See in the Election Results So Far;11;5
What We Know About the Election (Right Now);11;4
U.S.-China Tensions, Huawei, Student Visas: Your Wednesday Briefing;7;14
Infections Rise, Earnings Fall, Stocks Go ... Up?;7;13
Stocks Surge as Central Banks Vow to Act on Coronavirus;3;2
On McDonald’s and Morality;8;11
What Should Companies Do on Juneteenth?;6;18
An L.G.B.T. Landmark;6;16
Black-Owned Businesses Could Face Hurdles in Federal Aid Program;4;10
Wall Street Plunges in Worst Drop Since 2008;3;9
Coronavirus, California, Michael Flynn: Your Wednesday Briefing;5;13
C.E.O.s Say ‘It’s a Grind’;7;20
These Are the Deutsche Bank Executives Responsible for Serving Jeffrey Epstein;7;13
Washington Weighs Big Bailouts to Help U.S. Economy Survive Coronavirus;3;18
Big Tech’s Circular Firing Squad;12;17
Apple’s Trillions;8;20
Facebook’s Big Meeting Didn’t Go So Well;7;8
Are These Markets Really Efficient?;11;10
Business Leaders Speak Out on Election Integrity;10;14
Coronavirus Winter Is Coming;8;27
PayPal Invests in Racial Equality;10;28
A Resurgence of the Virus, and Lockdowns, Threatens Economic Recovery;7;15
We May See Trump’s Taxes. Eventually.;7;10
‘A Heartbreaking and Painful Week’;6;1
Another Big Investment in Racial Justice;9;24
Brave New Arrivals;7;10
Who Got Rescued?;12;3
Job or Health? Restarting the Economy Threatens to Worsen Economic Inequality;4;27
Small-Business Loan Program, Chaotic From Start, Gets 2nd Round;4;26
Fed Announces More Loans as Investor Alarm Persists;3;18
Wall Street Sees Cold, Hard Cash in Vaccine Storage;12;16
Business and World Leaders Move On as Trump Fights to Reverse Election;11;21
Silicon Valley’s Newest Rival: The Banks of the Hudson;1;5
The Market Sees Blue;10;13
How Ginsburg’s Successor Could Remake Business;9;21
Entertainment Is Power in Push for Racial Justice;8;27
Fed Slashes Rates to Near-Zero and Unveils Sweeping Program to Aid Economy;3;15
SARS Stung the Global Economy. The Coronavirus Is a Greater Menace.;2;3
Quibi’s Quick End;10;22
Goldman Makes Its Bankers Pay;10;23
Taking a Stand Against Social Stances;9;29
The Case of the LVMH Letter;9;10
Classic Skyscrapers Define New York. Take a Virtual Tour.;4;22
Takeaways From the Shoutfest;9;30
Stocks Slide as Texas Rolls Back Reopening;6;26
New Questions About Leon Black’s Ties to Jeffrey Epstein;10;12
J.C. Penney Files for Bankruptcy Protection;5;15
China’s G.D.P. Shrank in the First Quarter;4;16
Stocks Waver as China Tensions Climb;5;4
Airlines and Automakers Consider How to Reopen;4;22
The Next Gauge of the Economy Will Be Corporate Earnings;4;10
Bleak Data Shows Extent of Economic Damage;4;15
More Than 4 Million Filed Unemployment Claims Last Week;4;23
When Manhattan Was Mannahatta: A Stroll Through the Centuries;5;13
Stocks Rise as Oil Prices Plunge;4;27
‘Extraordinarily Uncertain’ Outlook From Powell;6;29
Senate Approves More Time to Spend Paycheck Protection Loans;6;3
As Virus Spreads, U.S. Temporarily Bars Foreigners Who’ve Visited China;1;31
12 People on Joining ACT UP: ‘I Went to That First Meeting and Never Left’;4;13
The Short Tenure and Abrupt Ouster of Banking’s Sole Black C.E.O.;10;3
U.S. Will Drop Limits on Virus Testing, Pence Says;3;3
Outbreak in Northern Italy Poses National Challenge;2;24
Shooting in Seattle Raises Worries; Video Catches Calif. Sign Vandals;6;21
Steven Mnuchin Tried to Save the Economy. Not Even His Family Is Happy.;8;30
One Bar. Twelve Weeks. Seventeen Lives in Lockdown.;6;11
Testing Is Biggest Obstacle to Reopening States, Experts Say;4;15
Coronavirus Updates: Trump Halts U.S. Funding of World Health Organization;4;14
White House Projects Grim Toll From Coronavirus;3;31
The Money Behind Trump’s Money;2;4
Faces of Power: 80% Are White, Even as U.S. Becomes More Diverse;9;10
C.D.C. Recommends Wearing Masks in Public; Trump Says, ‘I’m Choosing Not to Do It’;4;3
Tom Steyer’s Top Priority Isn’t Climate Change;1;13
Corrections: March 31, 2020;3;31
