Review: ‘Bridgerton’ Is a Sparkly Period Piece With a Difference;12;23
Netflix’s ‘Move’ Strips Dance Down to Clichés, Not Essentials;12;2
Netflix Holiday Movies: Ranked, Listed and Checked Twice;12;1
With ‘Bridgerton,’ Scandal Comes to Regency England;12;18
‘Ma Rainey’s Black Bottom’ Review: All the Blues That’s Fit to Sing;12;17
Viola Davis and Company on ‘Ma Rainey’ and Chadwick Boseman’s Last Bow;12;17
‘Break It All’ Celebrates the Oppositional Energy of Latin Rock;12;16
Netflix Pulls ‘Chappelle’s Show’ at Dave Chappelle’s Request;11;24
Apple TV Was Making a Show About Gawker. Then Tim Cook Found Out.;12;13
New York Has a Cameo in ‘The Crown.’ Here’s What Really Happened.;12;13
How ‘The Queen’s Gambit’ Is Inspiring Women to Take Up Chess;12;10
With a Kiss, Netflix Gets Tangled in India’s Religious Tensions;11;23
Movie Theaters Are Dying. Did Jason Kilar Deal the Final Blow?;12;10
The Window on New Movie Releases Finally Shatters;12;4
‘Selena: The Series,’ Dreaming of Her;12;4
Best Performances of 2020;12;4
Lights, Camera, Construction!;12;4
‘Mank’ Review: A Rosebud by Any Other Name;12;3
How Nick Kroll Became the Picasso of Puberty;12;3
Momona Tamada’s Week: ‘Satisfying’ Baking Videos and Peace Through Podcasts;12;1
‘The Crown’: The History Behind Season 4 on Netflix;11;17
Coverage That’s Fit for a Queen;11;29
Hollywood’s Obituary, the Sequel. Now Streaming.;11;28
‘Hillbilly Elegy’ Review: I Remember Mamaw;11;23
‘Dolly Parton’s Christmas on the Square’ Review: Holiday Winks;11;23
Why ‘Gilmore Girls’ Endures;11;23
‘The Queen’s Gambit’ Sends Chess Set Sales Soaring;11;23
How Britain Is Reacting to ‘The Crown,’ Season 4;11;20
‘The Princess Switch: Switched Again’ Review: A Who’s Who of Hudgens;11;19
Josh O’Connor Didn’t Care About the Crown Until He Became a Prince;11;18
‘The Crown’: What to Read and Watch About Diana;11;17
Stream These 15 Titles Before They Leave Netflix in November;11;4
The Best Movies and TV Shows New to Netflix, Amazon and Stan in Australia in November;11;2
How ‘The Queen’s Gambit’ Started a New Debate About Sexism in Chess;11;10
Are These Markets Really Efficient?;11;10
Want to Play La Parisienne? Here’s How;11;9
The 13 Scariest Horror Movies on Netflix Right Now;10;28
7 Things to Do This Weekend;11;5
Reclaiming, on Netflix, an Ancient Battle Beloved of Germany’s Far Right;10;28
I’m a Chess Expert. Here’s What ‘The Queen’s Gambit’ Gets Right;11;3
What Happens When Sarah Cooper Speaks in Her Own Voice?;10;27
After big jobs at ABC and Netflix, the executive Channing Dungey takes charge of Warner Bros.;10;19
‘Song Exploder’ Reveals the Eureka Moments Behind the Hits;10;26
‘The Queen’s Gambit’ Review: Coming of Age, One Move at a Time;10;21
David Letterman Isn’t Here to Cheer You Up This Time;10;19
Channing Dungey is leaving Netflix after less than two years.;10;9
Netflix Is Charged in Texas With Promoting Lewdness in ‘Cuties’;10;7
How Much Do You Really Miss Going to the Movies?;10;16
‘The Queen’s Gambit’ Tries a Risky Play: Betting Chess Can Be Good TV;10;16
Stream These 15 Movies Before They Leave Netflix This Month;10;2
The Best Documentaries on Netflix Right Now;10;1
Looking for Escapist TV? Try Home Design Shows;10;9
Finding the Right Path in an Up-and-Down Market;10;9
‘The Haunting of Bly Manor’ Brings Back the Ghosts of Henry James;10;8
The Best Movies and TV Shows New to Netflix, Amazon and Stan in Australia in October;9;30
11 Reality Shows to Watch With Your Older Kids;10;8
A New Activist Playbook;10;8
France and Me: A Complicated Dance;10;8
Darren Star Finds Sex in Another City With ‘Emily in Paris’;10;2
First Look: Viola Davis and Chadwick Boseman in ‘Ma Rainey’s Black Bottom’;9;30
Stream These Oscar-Winning Documentaries From the 21st Century;9;30
‘American Murder: The Family Next Door’ Review: Tragedy Reconstructed;9;30
‘The Boys in the Band’ Review: How Far Have We Come, Really?;9;30
‘Cuties’ Sparks a Firestorm, Again, After Its Netflix Release;9;12
Brian Stelter on Fox News and Reed Hastings on Netflix;9;11
Jerry Harris to Remain in Custody After Arrest on Child Pornography Charge;9;21
The 50 Best Movies on Netflix Right Now;9;10
‘Schitt’s Creek’ Sets an Emmy Record;9;21
Catherine O’Hara Wins First Acting Emmy;9;21
Watch These 15 Movies Before They Leave Netflix This Month;9;9
How Tom Holland Seeks Revenge in ‘The Devil All the Time’;9;18
Comfort Viewing: 3 Reasons I Love ‘Derry Girls’;9;18
I Watched ‘Fleabag.’ I Watched ‘Insecure.’ What’s Next?;9;22
Carole Baskin of ‘Tiger King’ Gets Her Own Show;9;17
Jerry Harris of ‘Cheer’ Arrested on Child Pornography Charge;9;17
7 Things to Do This Weekend;9;17
The 50 Best TV Shows on Netflix Right Now;9;4
Jerry Harris of ‘Cheer’ Accused of Sex Abuse in Teenagers’ Lawsuit;9;16
‘Good Enough’ Rules the World;9;16
Review: ‘Ratched’ Flies Out of the Cuckoo’s Nest and Into the Mire;9;16
Prince Harry and Meghan Sign Megawatt Netflix Deal;9;2
New & Noteworthy, From Netflix to Writers’ Writers;9;1
The Best Movies and TV Shows New to Netflix, Amazon and Stan in Australia in September;9;1
The Best Movies and TV Shows Coming to Netflix in February;9;1
Back to School With Tan France;9;11
Kenny Ortega, Teen Whisperer;9;9
Silicon Valley’s Culture Clash;9;7
Auli’i Cravalho on Her New Netflix Drama and the Smell of Wet Dog;8;28
Reed Hastings Had Us All Staying Home Before We Had To;9;4
Netflix, Accused of Sexualizing Girls, Pulls Artwork for ‘Cuties’;8;21
Jane Fonda, Intergalactic Eco-Warrior in a Red Coat;9;2
Samira Wiley and Uzo Aduba Still Remember Struggling;8;30
Delayed ‘Diana’ Musical to Be Streamed on Netflix;8;12
The Best Movies and TV Shows New to Netflix, Amazon and Stan in Australia in August;8;6
Stream These 12 Movies Before They Leave Netflix This Month;8;5
Latif Nasser, Harvard Ph.D., on the Rewards of Being Dumb;8;19
The Best Movies and TV Shows Coming to Netflix, Amazon and More in August;7;31
How Jamie Foxx Fights a Man on Fire in ‘Project Power’;8;14
A Steal Might Actually Be a Raw Deal;8;14
Netflix Dropped Chris D’Elia Show After Sexual Misconduct Allegations;7;24
Netflix Breaks HBO’s Record for the Most Emmy Nominations Ever;7;28
Remote Control: Making Television Mid-Pandemic;8;12
Netflix Appoints Ted Sarandos as Co-Chief Executive;7;16
‘Work It’ Review: Freestyling Through Senior Year;8;7
How Netflix Beat Hollywood to a Generation of Black Content;7;6
We Need to Talk About ‘Indian Matchmaking’;8;5
Sam Jay: A Comic Who Belongs to No Camp;8;4
Netflix Renews ‘The Crown’ for a Sixth Season After All;7;9
Gymnasts Worldwide Push Back on Their Sport’s Culture of Abuse;8;3
‘Immigration Nation’ Review: The Banality of Deportation;8;2
Netflix Series About Colin Kaepernick Is in the Works From Ava DuVernay;6;29
Netflix Moves $100 Million in Deposits to Bolster Black Banks;6;30
Netflix’s Big Idea to Support Black Communities;6;30
Review: In ‘Stateless’ on Netflix, Cate Blanchett (and Immigration);7;7
With American TV on Pause, Here Are 5 British Series to Watch;7;30
Universal’s Theatrical Releases Will Quickly Be Available in Homes;7;28
Shira Haas of ‘Unorthodox’ on Sharing the Joys of Her First Emmy Nod;7;28
Emmys: Jeremy Pope Is Glad He Took a Chance on ‘Hollywood’;7;28
Emmys 2020 Snubs and Surprises: Baby Yoda Breaks Through;7;28
‘Last Chance U’ Travels to Oakland, Just Like the Players;7;28
The Best Movies and TV Shows New to Netflix, Amazon and Stan in Australia in July;7;2
How ‘365 Days’ Became One of Netflix’s Worst-Reviewed Big Hits;7;2
Stream These 15 Great Titles Before They Leave Netflix in July;7;1
The Best Movies and TV Shows Coming to Netflix, Amazon and More in July;7;1
The New ‘Kissing Booth’ Star on ‘Cats,’ Selena and Greased Abs;7;24
A Rare Look Inside Trump’s Immigration Crackdown Draws Legal Threats;7;23
Netflix and Cinemax Go to South Africa for Real;6;12
9 Great Music Documentaries to Stream on Netflix;5;12
Comfort Viewing: 3 Reasons I Love ‘Supermarket Sweep’;7;17
The Fall of ‘Terrace House’;7;17
Stream These 15 Great Titles Before They Leave Netflix This Month;6;3
How the Creators of ‘Cursed’ Conjured a Fresh Take on King Arthur;7;16
Everyone You Know Just Signed Up for Netflix;4;21
‘Tough Day for Us at Twitter’;7;16
13 Uplifting Documentaries on Netflix;4;2
Michelle Obama’s Memoir ‘Becoming’ Will Be a Netflix Documentary;4;27
Netflix C.E.O. Reed Hastings Gives $120 Million to Historically Black Colleges;6;17
Her Role at HBO Max? Challenging Netflix;5;27
The 10 Funniest Movies on Netflix;4;8
Netflix Users Rejoice: Goodbye, Autoplay;2;6
Laura Harrier on Rewriting Hollywood in Netflix’s ‘Hollywood’;5;7
Will ‘Mank’ Be Netflix’s First Best-Picture Winner?;10;30
Netflix Spent Big on Oscar-Worthy Films. That May Not Be Enough.;2;4
The Best Movies and TV Shows New to Netflix, Amazon and Stan in Australia in June;6;1
In Netflix’s ‘Hollywood,’ One Movie Fixes Racism. Hooray!;5;12
Hana Kimura, Japanese Wrestler and Star of Netflix Series, Dies at 22;5;24
Now on Netflix: Portraits of Grief With Unplanned Relevance;5;27
11 Great Movies and Shows Leaving Netflix in May;5;7
Linda Fairstein Sues Netflix for Defamation in ‘When They See Us’;3;19
What to Watch on Netflix to Help Language Learning;5;11
The Best Movies and TV Shows New on Netflix Canada in May;4;30
11 Stranger-Than-Fiction Documentaries on Netflix and Hulu;4;17
The Best Movies and TV Shows Coming to Netflix, Amazon and More in June;6;1
The Pandemic Work Diary of Netflix’s Queer Champion;5;13
Gina Prince-Bythewood Made a Summer Blockbuster. It’s About Time.;7;10
Netflix Reports a Subscriber Bump as Disney Poses a New Threat;1;21
‘Space Force’ Review: Steve Carell, in a Familiar Orbit on Netflix;5;27
The Best Movies and TV Shows New on Netflix Canada in April;3;30
What Counts as a Streaming Hit? A Start-Up May Have Answers;7;8
‘Cheer’: What to Read and Listen to After Seeing This Netflix Hit;2;6
Stocks That Could Thrive in a Post-Pandemic World;7;9
The Best Movies and TV Shows New on Netflix Canada in March;3;2
‘Tiger King’: What to Read if You’re Obsessed With the Netflix Series;3;31
The Best Movies and TV Shows New on Netflix Canada in February;1;31
Introducing ‘Father Soldier Son,’ a Film From The Times and Netflix;7;2
The Best Movies and TV Shows New to Netflix, Amazon and Stan in Australia in May;4;30
‘The Trial of the Chicago 7’: What to Know About the Netflix Film;10;16
12 Recent Netflix Originals Worth Streaming While Stuck at Home;3;13
The Best Movies and TV Shows Coming to Netflix, Amazon and More in April;4;1
The Best Movies and TV Shows Coming to Netflix, Amazon and More in February;2;1
Review: In Netflix’s ‘Self Made,’ an Unlikely Entrepreneur;3;19
The Best Movies and TV Shows Coming to Netflix, Amazon and More in March;3;4
Green Cards, Oil Markets, Netflix: Your Tuesday Evening Briefing;4;21
The Best Movies and TV Shows New to Netflix, Amazon and Stan in Australia in April;4;2
The Best Movies and TV Shows New to Netflix, Amazon and Stan in Australia in February;2;10
The Best Movies and TV Shows New to Netflix, Amazon and Stan in Australia in March;3;3
Need More Than Netflix? These 15 Short Films Are Worth Your Time;4;18
What to Watch After ‘Tiger King’: 12 Great True-Crime Documentaries on Netflix;3;17
Reed Hastings, the Founder of Netflix, Keeps His Library in His Pocket;9;24
Brazil’s Top Court Strikes Down Ban on Netflix Film Portraying Jesus as Gay;1;9
The Best Movies and TV Shows Coming to Netflix, Apple TV Plus and More in January;1;2
Comfort Viewing: 3 Reasons I Love ‘Grand Designs’;7;3
How Much Watching Time Do You Have This Weekend?;7;2
Review: With ‘Queen Sono,’ Netflix Enters New Territory;2;27
‘The Baby-Sitters Club’ Defies and Exceeds Expectations;7;2
HBO Max Is Here to Take On Netflix. Is It Too Late?;5;26
Netflix’s ‘Eurovision Song Contest’: Here’s What You May Have Missed;7;2
What TV Should I Watch After Netflix’s ‘Unorthodox’?;4;8
The Baby-Sitters Club Taught Me Everything I Needed to Know About Literary Fiction;7;1
Mindy Kaling’s Netflix Show Tells a New Kind of Story: One Like Hers;4;27
‘Unsolved Mysteries’ Is Back. Here’s What to Know About the Original.;6;30
Dave Chappelle’s Netflix Special: Three Key References to Know;6;12
The Best Movies and TV Shows Coming to Netflix, Amazon and More in May;5;1
‘Unsolved Mysteries’ Returns, Because 2020 Isn’t Scary Enough;6;30
Lockdown TV: Netflix Dominates, News Surges and Bea Arthur Is Still Golden;4;30
Can’t Match Netflix? At Least You Can Buy Some British Shows;7;15
Jenny Slate and Kristen Bell Leave Voice Roles as Black Characters;6;25
‘Disclosure’ Review: A Transgender Lens on Film and TV History;6;19
Love Is Still Blind — and Lauren and Cameron Aren’t Afraid of Tough Conversations;6;19
‘Avatar: The Last Airbender’ Imagines a World Free of Whiteness;6;18
What Should Companies Do on Juneteenth?;6;18
What We Learned From London Fashion Week;6;15
How Much Watching Time Do You Have This Weekend?;6;4
6 Shows to Stream From Latin America;6;4
‘Spelling the Dream’ Review: Words of Inspiration;6;3
Corporate Voices Get Behind ‘Black Lives Matter’ Cause;5;31
‘The Baby-Sitters Club’ Is Back: Help Yourself to the Fridge;5;27
Hannah Gadsby’s ‘Douglas’ Doubles Down on the Comedy of Contradiction;5;26
John McEnroe Is Mindy Kaling’s Voice of Teen Angst. Seriously.;5;26
Interracial Romance, With Black Women as the Stars;5;22
Steve Carell Charts a Return to TV Comedy With ‘Space Force’;5;22
‘The Lovebirds’ Review: It’s a Turkey;5;20
Life Is More Like a Simulation. On These Shows, So Is Death.;5;19
Two Projects Are Filming Again. Here’s How They’re Doing It.;5;15
Beyond ‘Black Mirror’: 7 Shows That Serve Bite-Size Scares;5;4
Pondering ‘Sex Education’ When Touching Is Off-Limits;4;29
Jerry Seinfeld Is Making Peace With Nothing: He’s ‘Post-Show Business’;5;4
Review: ‘Hollywood’ Gives Movie History a Sudsy Rewrite;4;30
No, the Best Doesn’t Win;4;27
Watch This: ‘Never Have I Ever’;4;27
‘Hollywood’ Offers Alternate History, and Glimpses of a Real One;5;1
Alice Wu’s Lesbian Rom-Com Was Influential, but Her Follow-Up Wasn’t Easy;4;29
Watch This: ‘Alias Grace’;4;22
‘Circus of Books’ Review: A Community Takes Pride in Its Porn Store;4;22
‘Sergio’ Review: A Man of the World;4;17
Will ‘Real’ Small Businesses Get the Money This Time?;4;22
Ricky Gervais on ‘After Life’ and Life After the Golden Globes;4;23
Kenya Barris Plumbs His Id to Reinvent the Family Comedy;4;15
The Marshall Plan, Netflix and Other Letters to the Editor;10;9
‘#blackAF’ Review: A Second Portrait of the Artist, With More Scars;4;16
Frosted Flakes;4;9
New Episode of ‘Tiger King’ Is Announced;4;9
The Future That Hollywood Feared Is Happening Now;4;15
‘Bosch’ and ‘Fauda’: The Platonic Ideal of the Tough Guy;4;16
Music, Theater and More to Experience at Home This Weekend;4;23
‘LA Originals’ Review: How Two Artists Shaped a Hip-Hop Scene;4;10
The Virus Revealed Our Essential Tech (and Weeded Out the Excess);4;15
As Reality TV Reunions Go Virtual, What About the Fights?;4;13
Why ‘Tiger King’ Is Not ‘Blackfish’ for Big Cats;4;9
‘Tiger King’: What Happened to Carole Baskin’s Husband, Don Lewis?;3;31
‘Making the Cut’ Is New, but the Pattern Is Familiar;3;27
The Alternate Aesthetic Realities of ‘Tiger King’;4;2
The Crossword Stumper;3;2
Surging Traffic Is Slowing Down Our Internet;3;26
How ‘Unorthodox’ Captured One Woman’s Flight From Hasidic Brooklyn;3;31
‘Da 5 Bloods’ | Anatomy of a Scene;6;18
Big Tech Could Emerge From Coronavirus Crisis Stronger Than Ever;3;23
‘Extraction’ | Anatomy of a Scene;4;24
Love Is Quarantine, and Your Apartment Is the Pod;3;18
Review: ‘Unorthodox,’ a Stunning Escape From Brooklyn;3;25
What Happened After ‘Tiger King’;4;1
The Pandemic Is Straining Airbnb;7;17
We Should Have Bought the DVDs;1;20
Imelda Staunton Will Play the Queen in ‘The Crown’ as It Ends in a Fifth Season;1;31
‘All the Bright Places’ Review: Love Amid Trauma;2;28
Animals, Sex and Guns? Eric Goode Knew ‘Tiger King’ Had Potential;4;1
‘I Am Not Okay With This’ Review: You’d Like Her When She’s Angry;2;25
2020 Oscar Nominations: Full Ballot;1;13
Here’s a Full List of the 2020 Emmy Nominees;9;20
The 18 Best TV Shows for Vicarious Travel Thrills;4;1
‘Gentefied’ Review: A Rent Is Too Damn High Party;2;20
‘Lost Bullet’ Review: Fast Cars and Quick Fists;6;22
Short Attention Span? All These Movies Are Under 90 Minutes;3;27
Escaping Into ‘Babylon Berlin’ and ‘My Brilliant Friend’;3;26
‘The Kissing Booth 2’ Review: Another Dose of Prep School Drama;7;24
This Movie Is Streaming Only. Should We Lower Our Expectations?;3;12
What’s on TV Wednesday: ‘The Curse of La Llorona’ and ‘Night on Earth’;1;29
The Crossword Stumper;5;18
Janet McTeer Gets a Thrill Out of Watching James Bond. But She Wants to Play Him, Too.;3;24
‘The Sleepover’ Review: My Mother, the Jewel Thief;8;21
Why ‘Wonder Woman’ at Home Matters;12;4
How Much Watching Time Do You Have This Weekend?;1;30
‘Jingle Jangle’ Review: Dancing Through the Snow;11;12
Peak TV Hits a New Peak, With 532 Scripted Shows;1;9
Nature Shows Are Hot Again;1;15
‘The Half of It’ Review: Being Yourself (and That Person, Too);5;1
‘Mosul’ Review: In Iraq, This Time It’s Personal;11;26
How ‘One Day at a Time’ Came Back From the Brink;3;20
‘Over the Moon’ Review: After Loss, a Lunar Adventure;10;22
‘Latte and the Magic Waterstone’ Review: A Hedgehog’s Journey;7;31
What’s on TV Friday: ‘Bojack Horseman’ and ‘Spider-Man: Far From Home’;1;31
Need to Escape? Stream These 12 Great Foreign-Language TV Shows;3;25
‘Operation Christmas Drop’ Review: Heavy Military Presents;11;5
‘Rising Phoenix’ Review: Carrying the Paralympic Torch;8;26
What’s on TV Tuesday: George Lopez and ‘Welcome to Chechnya’;6;30
Streaming TV’s Boom Is a Mixed Blessing for Some Hollywood Writers;2;23
Best TV Shows of 2020;12;1
‘The Platform’ Review: An Accidentally Timely Political Allegory;3;26
‘The Occupant’ Review: Knock First;3;25
How Much Watching Time Do You Have This Weekend?;2;7
‘The Christmas Chronicles: Part Two’ Review: Meet the Clauses;11;25
‘The Wrong Missy’ Review: Bad Romance;5;14
How Much Watching Time Do You Have This Weekend?;2;13
What to Watch During Your Coronavirus Self-Quarantine;3;16
How to Navigate a Flood of Streaming TV Subscriptions;1;14
End of ‘One Day at a Time’ Removes One of TV’s Few Latino Families;12;10
How Social Media Has Changed Civil Rights Protests;6;18
After ‘Parasite,’ Are Subtitles Still a One-Inch Barrier for Americans?;2;12
How Much Watching Time Do You Have This Weekend?;1;9
New ‘TV’ Is a Lot Like TV;7;2
How Much Watching Time Do You Have This Weekend?;1;23
‘Ghost Stories’ Review: Bollywood Aims for Frights;1;2
How Much Watching Time Do You Have This Weekend?;5;21
‘Have a Good Trip’ Review: Stars Tell Their Groovy Acid Tales;5;11
‘Athlete A’ Review: A Web of Abuse and Cover-Ups Come to Light;6;24
‘Giving Voice’ Review: August Wilson Is Uplifting a New Generation;12;11
P.S.: Fans Still Love ‘To All the Boys’;1;25
The Best Films and TV Shows to Stream Over the Holidays;11;18
How Much Are We Paying for Our Subscription Services? A Lot;1;29
‘Shawn Mendes: In Wonder’ Review: A Skin-Deep Portrait;11;23
Oscars 2020: Highlights From a History-Making Night;2;9
‘Murder to Mercy’ Review: Rethinking a Life Sentence;4;29
‘The Plagues of Breslau’ Review: Rage Against the Male Machine;4;22
Oscar Nominations 2020: ‘Joker’ Leads With 11 Nods; Three Others Get 10;1;13
Where to Watch ‘Parasite,’ ‘Joker’ and More 2020 Oscar-Nominated Movies;1;13
Movie Theater Owners: We Need a Bailout, Too;3;18
Here’s the Latest in Nordic TV, Noir and Otherwise;2;3
Marc Maron and the Comedy of Doubt;3;18
What’s on TV Friday: ‘Jim Gaffigan: The Pale Tourist’ and ‘The Kissing Booth 2’;7;24
What’s on TV Thursday: ‘Pose’ and ‘Don’t’;6;11
What’s on TV Friday: ‘Sidewalk Stories’ and ‘Space Force’;5;29
What’s on TV Tuesday: ‘The Truth’ and Jim Jefferies;7;7
What’s on TV Tuesday: Super Tuesday Coverage and Taylor Tomlinson;3;3
What’s on TV Tuesday: Eric Andre and Toni Morrison;6;23
What’s on TV Friday: ‘#blackAF’ and ‘Selah and the Spades’;4;17
What’s on TV Wednesday: A Linda Ronstadt Doc and ‘Doctor Who’;1;1
Harlan Coben Exposes the Secrets of ‘The Stranger’;1;30
NBC Starts Streaming With a TV-Style Platform, Peacock;7;13
What’s on TV Sunday: The ESPY Awards and ‘The Woods’;6;21
What’s on TV Thursday: ‘Unsolved Mysteries’ and ‘The Whistlers’;7;2
What’s on TV Tuesday: Hannah Gadsby and ‘America’s Got Talent’;5;26
What’s on TV Tuesday: The Democratic Debate and Pete Davidson;2;25
What’s on TV Saturday: ‘Midsommar’ and ‘Dracula’;1;4
5 Streaming Services for Watching Great Horror Movies;8;20
Give Thanks for This Simple Pleasure;11;23
What’s on TV Sunday: ‘Connected’ and the SpaceX Landing;8;2
When Fashion TV Becomes an Anthropological Treasure;3;24
‘Feel the Beat’ Review: Tough Love in the Dance Studio;6;19
What’s on TV Tuesday: A ‘Kimmy Schmidt’ Special and ‘Cinema Paradiso’;5;12
How ‘All Day and a Night’ Dazzles With a Street Scene;5;1
What’s on TV Wednesday: ‘Baghdad Central’ and a Sketch Comedy Show;4;1
What’s on TV Thursday: ‘To All the Boys: P.S. I Still Love You’ and ‘Indebted’;2;13
How ‘All Day and a Night’ Dazzles With a Street Scene;5;1
‘Once Upon a Time … in Hollywood’ and ‘1917’ Win Top Awards at Golden Globes;1;5
‘Shine Your Eyes’ Review: Reimagining São Paulo;7;29
A Sitcom for Families With ‘Funny Shapes’;9;11
On ‘Love Is Blind,’ Love Is Earnest;3;10
‘Ainu Mosir’ Review: A Crisis of Cultural Identity;11;17
‘Fatal Affair’ Review: Close Stalker;7;16
‘A Secret Love’ Review: A Lesbian Couple’s Enduring Affection;4;29
‘The Crimes That Bind’ Review: A Mother’s Trying Times;8;20
‘Extraction’ Review: All Fight, No Fun;4;24
Where to Go After ‘Mad Men’? A Canadian Dramedy;1;10
When ‘Gentefied’ Straddles More Than One Culture, It Feels Real;3;10
India Restores Some Internet Access in Kashmir After Long Shutdown;1;26
‘Hubie Halloween’ Review: No Tricks, Few Treats;10;8
‘Animal Crackers’ Review: Of Hamsters and Men;7;24
Connor Jessup of ‘Locke & Key’ Gets His Nails Done;2;21
‘Holidate’ Review: That Special Seasonal Someone;10;28
‘All Together Now’ Review: A Song as a Source of Hope;8;27
‘To All the Boys I’ve Loved Before’ … and to Fans Hungry for More;2;12
‘Father Soldier Son’ Review: Service and Sacrifice;7;16
What to Know About Christopher Watts and ‘American Murder’;10;16
‘Rogue City’ Review: An Action Movie Skimping on Action;10;30
‘I’m No Longer Here’ Review: A Boy Adrift;5;27
How Much Watching Time Do You Have This Weekend?;1;2
VOD, Streaming or Virtual Cinema? Your Guide to Digital Movie Options;4;24
‘Enola Holmes’ Review: She’s Beyond Elementary, and Not Your Dear;9;22
How Much Watching Time Do You Have This Weekend?;7;23
‘The Willoughbys’ Review: Parental Guidance Ejected;4;22
‘Enola Holmes’ Review: She’s Beyond Elementary, and Not Your Dear;9;22
False Rumors Often Start at the Top;10;8
‘Kiss the Ground’ Review: Regenerating Hope for the Climate;9;22
‘The Main Event’ Review: A Kid Pro Wrestler, in a Magic Mask;4;10
How Much Watching Time Do You Have This Weekend?;3;26
How Much Watching Time Do You Have This Weekend?;3;20
Ava DuVernay Wins the Gish Prize;8;6
‘The Hater’ Review: Resentments and Revenge via Digital Disinformation;7;29
‘Eurovision Song Contest’ Review: Over the Top and Around the Bend;6;26
Kevin Spacey Accuser’s Estate Drops Sexual Assault Lawsuit;1;1
Kevin Spacey Accuser’s Estate Drops Sexual Assault Lawsuit;1;1
Catch up: Here’s what else is happening.;7;17
What Went Viral This Week;10;9
Corrections: August 2, 2020;8;2
Judge Gives Carole Baskin the Tiger King’s Zoo;6;2
Binge These One-Season Wonders;3;27
Family-Friendly Movies Made by Diverse Filmmakers;7;18
‘The Prom’ Review: Showbiz Sanctimony, and All That Zazz;12;10
A Trump vs. Twitter Week;5;29
‘BoJack Horseman’: Here Are the Best Animal Gags;2;3
‘BoJack Horseman’: Here Are the Best Animal Gags;2;3
Behind the ‘Love Is Blind’ Wall;3;13
True Crime Favorites From New York Times Critics and Staff;3;18
‘Love, Guaranteed’ Review: Swiping Left on Online Dating;9;3
BlackRock Puts Climate Change Center Stage;1;14
‘Hamilton’ Was Just the Beginning. Hollywood Loves Broadway, Again.;11;4
Winter TV Preview: 21 Shows to Watch;12;31
The Best TV Episodes of 2020;12;17
How Much Watching Time Do You Have This Weekend?;6;11
‘Gentefied’ Asks, Can a Show About Gentrification Be Funny?;2;20
What’s on TV Monday: ‘Ip Man 4: The Finale’ and ‘Intervention’;7;20
‘A Fall From Grace’ Review: A Trope-Filled Thriller From Tyler Perry;1;17
‘Becoming’ Review: Michelle Obama’s Lesson in Staying on Script;5;6
‘Blackpink: Light Up the Sky’ Review: Glowing Young Superstars;10;14
‘David Attenborough: A Life on Our Planet’ Review: Ruin and Regrowth;10;4
How Much Watching Time Do You Have This Weekend?;3;12
How Much Watching Time Do You Have This Weekend?;11;19
‘#Alive’ Review: From Great Graphics, to Graphic;9;11
This Year Was a Disaster. We Hope the Sequel Is Better.;12;30
‘Tiger King’ Revisited: 5 Things We Learned in the New Episode;4;12
Emmys Toast ‘Watchmen’ and ‘Schitt’s Creek’ as Stars Stay Home;9;20
Studio’s Movies in Theaters Will Be Offered for In-Home Rental;3;16
Watch This: ‘Glow’ and ‘Damages’;4;8
What’s on TV Monday: ‘The Voice’ and ‘Gentefied’;2;24
‘Project Power’ Review: Ye Olde Bangs, Scares and Clichés;8;14
Google Demands 30% Cut From App Developers in Its Play Store;9;28
Watch TV, Free;6;30
What’s in Our Queue? ‘Down by Law’;11;25
How Much Watching Time Do You Have This Weekend?;10;29
‘All Day and a Night’ Review: Growth Behind Bars;5;1
What’s in Our Queue? ‘Down by Law’;11;25
What’s on TV Today: ‘The Weight of Gold’ and ‘The Hater’;7;29
What’s on TV Tuesday: ‘Babylon Berlin’ and ‘Women of Troy’;3;10
What’s on TV Monday: ‘Immigration Nation’ and ‘Dora and the Lost City of Gold’;8;3
What’s on TV Tuesday: ‘Contact’ and the State of the Union;2;4
What does the move to streaming mean for lucrative pay deals for Hollywood talent?;12;8
How Much Watching Time Do You Have This Weekend?;9;17
What’s on TV Tuesday: ‘Fuller House’ and ‘Dirty John’;6;2
What’s on TV Monday: ‘Have a Good Trip’ and ‘Phantom India’;5;11
What’s on TV Tuesday: ‘Empire’ and a Tribute Concert;4;21
‘Funny Boy’ Review: Coming Out During Civil War;12;10
What’s on TV Saturday: ‘The Cave’ and a New ‘Sabrina’ Season;1;25
What Actually Happens When a TV Episode Gets Pulled?;8;17
Best Comedy of 2020;12;15
The 50 TV Shows You Need to Watch This Winter;1;2
When Is a Comedy Special Also a Corporate Synergy Message?;12;30
What the ‘Cuties’ Critics Can’t See: The Complexities of Black Girlhood;10;2
Looking for Escapism? Stream These Great British TV Shows;4;1
She Was a Star Before ‘Emily in Paris’;11;20
What’s on TV Thursday: ‘Big Time Adolescence’ and ‘Feel Good’;3;19
What’s on TV Saturday: ‘Seven Worlds, One Planet’ and ‘Little America’;1;18
What’s on TV Tuesday: Leslie Jones and the Democratic Debate;1;14
What’s on TV Sunday: ‘The Last Dance’ and ‘United Shades of America’;7;19
What’s on TV Sunday: ‘30 for 30’ and ‘Marcella’;6;14
What’s on TV Thursday: ‘Parks and Recreation’ and ‘Circus of Books’;4;30
What’s on TV Thursday: ‘Madea’s Farewell Play’ and ‘Rising Phoenix’;8;27
What’s on TV Thursday: ‘1917’ and ‘Unorthodox’;3;26
What’s on TV Thursday: ‘An American Pickle’ and ‘Shawshank Redemption’;8;6
What’s on TV Tuesday: ‘Last Chance U’ and ‘Stockton on My Mind’;7;28
What’s on TV Wednesday: ‘Mad Max: Fury Road’ and ‘Scary Stories’;7;8
What’s on TV Monday: ‘Big Flower Fight’ and ‘Dead Still’;5;18
What’s on TV Wednesday: ‘Becoming’ and ‘Brockmire’;5;6
What’s on TV Tuesday: ‘The Assistant’ and ‘Coronavirus: Explained’;4;28
What’s on TV Monday: ‘Breeders’ and ‘Never Have I Ever’;4;27
What’s on TV Sunday: ‘Kidding’ and ‘The Outsider’;3;8
What’s on TV Friday: ‘Shrill’ and ‘October Faction’;1;24
What’s on TV Tuesday: ‘Dirty John’ and ‘The Business of Drugs’;7;14
What’s on TV Wednesday: ‘Athlete A’ and ‘Married at First Sight’;6;24
What’s on TV Friday: ‘The Eddy’ and the Los Angeles Philharmonic;5;8
What’s on TV Thursday: ‘All Day and a Night’ and ‘Blindspot’;5;7
What’s on TV Monday: ‘Breeders’ and ‘Never Have I Ever’;4;27
What’s on TV Sunday: ‘Kidding’ and ‘The Outsider’;3;8
What’s on TV Friday: ‘Shrill’ and ‘October Faction’;1;24
Golden Globes 2020: Where to Stream the Winners;1;6
‘The Old Guard’ Review: Fighting to the Death, and Beyond;7;9
How Much Watching Time Do You Have This Weekend?;6;25
What’s on TV Thursday: ‘Spelling the Dream’ and ‘Rambo’;6;4
What’s on TV Monday: ‘Zombi Child’ and ‘Inside Man’;6;1
What’s on TV Sunday: ‘Lance’ and ‘Underestimate the Girl’;5;24
What’s on TV Wednesday: ‘She Walks with Apes’ and ‘Fauda’;4;22
What’s on TV Wednesday: ‘Mrs. America’ and ‘The Main Event’;4;15
What’s on TV Tuesday: ‘One Day at a Time’ and ‘Council of Dads’;3;24
What’s on TV Monday: ‘Freud’ and ‘Crumb’;3;23
How Much Watching Time Do You Have This Weekend?;10;16
What’s on TV Saturday: ‘Ramy’ and ‘The High Note’;5;30
What’s on TV Wednesday: ‘Amazing Stories’ and ‘Ugly Delicious’;3;11
What’s on TV Friday: ‘Hillary’ and ‘Spenser Confidential’;3;6
What’s on TV Wednesday: ‘Twenties’ and ‘Dave’;3;4
What’s on TV Tuesday: ‘Cherish the Day’ and ‘For Life’;2;11
What’s on TV Thursday: ‘Grace and Frankie’ and ‘Grown-Ish’;1;16
What’s on TV Tuesday: Patton Oswalt and ‘Stargirl’;5;19
What’s on TV Saturday: ‘Beanpole’ and ‘The Half of It’;5;2
What’s on TV Thursday: ‘The Willoughbys’ and ‘Will & Grace’;4;23
What’s on TV Wednesday: ‘Crip Camp’ and ‘Dark Phoenix’;3;25
What’s on TV Saturday: ‘Self Made’ and ‘I See You’;3;21
What’s on TV Thursday: ‘I Am Not Okay With This’ and ‘Star Trek Beyond’;2;27
What’s on TV Wednesday: ‘The Chef Show’ and ‘Year of the Rabbit’;2;19
What’s on TV Friday: ‘Lincoln Rhyme’ and ‘AJ and the Queen’;1;10
How Much Watching Time Do You Have This Weekend?;10;16
What’s on TV Saturday: ‘Ramy’ and ‘The High Note’;5;30
