Michael Jordan’s Game-Worn Sneakers Sell for $560,000;5;19
Fitness Instructors Flock Online to Pump You Up;4;12
With Games Paused, Sports Companies Shift to Making Medical Supplies;4;7
Trump urges Goodyear boycott after report that his campaign gear was banned at a plant.;8;19
How Under Armour Lost Its Edge;1;26
Low-wage workers who depend on office-based businesses stand to lose the most.;9;8
How Kobe Bryant Helped the N.B.A. Conquer the World;1;28
Judge Orders Michael Avenatti to Be Held Without Bail;1;15
U.S. Lawmakers Propose Tough Limits on Imports from Xinjiang;3;11
Helicopter Dropped Quickly in Kobe Bryant Crash, Official Says;1;28
This Time, a Cartoon Depiction of Naomi Osaka Is More True to Life;12;4
From Starbucks to FedEx, Coronavirus Upends Businesses That Depend on China;2;7
FedEx Joins Push for Washington Redskins to Be Renamed;7;3
Colin Kaepernick to Release a Memoir and Start a Publishing Company;2;13
Keith Hufnagel, Pro Skateboarder and Entrepreneur, Dies at 46;9;26
Trans Athlete Chris Mosier on Qualifying for the Olympic Trials;1;28
Mary Cain Takes the Next Step;5;12
Washington and the N.F.L. Might Change the Redskins Name. Why Now?;7;3
Ernesto Valverde and the Prison of Barcelona’s Past;1;14
Does the Shoe Fit? Try It On With Augmented Reality;12;22
‘Blatant Misogyny’: U.S. Women Protest, and U.S. Soccer President Resigns;3;12
A New Rams Logo Draws Digital Boos From Fans;3;25
Stephen Colbert Says Republicans Have Gone Full Cult for Trump;8;25
Alberto Salazar Is Suspended by SafeSport After Accusations of Verbal Abuse;1;31
Rupp and Tuliamuk Win Olympic Trials Marathon;2;29
With Impeachment in the News, Ads Are Staying Away From Politics;1;20
How to Run a Business in 2020;1;30
The Stories Their Skateboards Could Tell;1;26
U.S. corporations say they’ll hire one million Black workers in the next decade.;12;10
A Chef Who Brings Fashion to the Kitchen;2;21
The Service Economy Meltdown;9;4
J. Crew Names Former Victoria’s Secret Executive Its C.E.O.;1;28
Oregon’s President Says Money Wasn’t Discussed in Pac-12 Return. It Didn’t Need to Be.;9;25
Facebook’s China Tactics Backfire;10;9
An Italian Teenager Could Become the First Millennial Saint;10;12
Maria Sharapova’s Future: Architecture and Candy, but Not Coaching Tennis;2;29
Lauren Fleshman’s Feminist Approach to Coaching;10;16
Running From Coronavirus: A Back-to-Basics Exercise Boom;3;19
Producer Takes Academy to Task in Lawsuit;7;20
Film Club: ‘$30,000 Sneakers? As Demand Grows for Coveted Shoes, So Do Prices’;12;10
In Picking Up Work Here and There, Many Miss Out on Unemployment Check;7;23
Adidas Pledges to Increase Diversity. Some Employees Want More.;6;10
Chores Galore;7;11
Under Armour, Already Struggling, Says 2020 Will Be Rocky;2;11
Trump Supports Washington Team Name. Retailers Pull Merchandise.;7;6
The Essential Spike Lee;6;2
The Coronavirus Is Unwinding Global Economic Gains;1;28
After Peaceful Protests, Looters Strike at Macy’s and Across Midtown;6;2
Jesus, the Beatles and … Masa Son?;5;19
The 1865 Handwritten Order Marking Juneteenth Has Been Found;6;19
Liberty Select Sabrina Ionescu No. 1 in W.N.B.A. Draft;4;17
Pantone Picks Two Colors of the Year for 2021;12;9
Nordstrom Uses Influencers to Promote Safety and Draw Anxious Shoppers;8;2
The Naked Chefs;2;5
Cleveland’s Baseball Team Will Drop Its Indians Team Name;12;14
Sotheby’s Reports $2.5 Billion in Sales;8;3
Why the 49ers Coach Wears that Red Trucker Hat on the Sidelines;1;31
Coronavirus Protective Masks to Be Made From M.L.B. Uniform Material;3;26
Kaepernick’s Deal With Disney Includes a Jemele Hill Project at ESPN;7;7
How a Celebrity Fitness Trainer Who Has Gone Virtual Spends Sundays;9;25
Lace Up Your Running Shoes;5;1
Netflix’s ‘Move’ Strips Dance Down to Clichés, Not Essentials;12;2
DeSean Jackson Apologizes for Sharing Anti-Semitic Quotation;7;7
The Week in Business: The Future of Chicken, and More Stimulus Chatter;12;6
How to Pass Time in a Pandemic;4;3
Casper, the Mattress Start-Up, Goes Through With Lackluster I.P.O.;2;6
Biden’s Top Diplomat Will Try to Rebuild Bridges;11;23
The Best College Basketball Rivalry Right Now Is in Oregon;2;7
Seeing Ourselves in Bloom;9;28
Whole Foods Punished Workers for Black Lives Matter Masks, Suit Says;7;21
Super Cushioned Running Shoes Are All the Rage, but Aren’t Foolproof;2;19
Boy Scouts Announce Diversity Merit Badge and Support for Black Lives Matter;6;17
A ‘Wartime Factory’ in Brooklyn Is Fighting Coronavirus;3;31
Matthew Williams, Collaborator of Kanye West and Lady Gaga, Is Givenchy’s New Designer;6;15
Shanghai Disneyland Reopens With Strict Safety Procedures;5;11
Why Juneteenth Matters;6;18
The Week in Business: Confronting Racist Marketing;6;21
Is Virgil Abloh the Karl Lagerfeld for Millennials?;2;26
Embracing Work-Life Balance at the Dining Room Table;6;24
Cleveland Makes Name Removal Official, Saying It Is ‘Moving Forward’;12;14
How the Green New Deal Saved a Senator’s Career;9;4
Ben Schwartz, the Voice of ‘Sonic the Hedgehog,’ Hits the Arcade;2;14
Crisis in the Liberal City;6;2
A Home Inscribed With the History of Venice Beach;8;3
Kobe Bryant’s Many Moves to the Net;1;29
Some College Basketball Teams Begin With a New Feeling of Emptiness;12;3
Reed Hastings, the Founder of Netflix, Keeps His Library in His Pocket;9;24
Bill Belichick Never Tipped His Post-Brady Plan. Now It’s Clear.;6;29
John Thompson’s Success at Georgetown Made Him Ahead of His Time;8;31
FaZe Clan President Departs: ‘It’s Time for Gaming to Clean Up Its Act’;7;16
A Team by Any Other Name Is Fine, It Turns Out;7;16
L.G.B.T.Q. Rights Ruling Pushes Workplace Dynamic Already in Motion;6;15
‘Thumb-Stopping,’ ‘Humaning,’ ‘B4H’: The Strange Language of Modern Marketing;11;25
Behold, ‘Workleisure’;8;20
For Native American Activists, Washington Name Change Was ‘a Long Time Coming’;7;13
Two Flags Over Maine (and America);6;10
Can It Still Be ‘Euro 2020’ in 2021? Sponsors Hope So;3;25
Tessa Majors’s Murder: A Police Bluff, Then a Teen's Confession;2;27
No Summer Tournaments Means More Recruits Committing to Colleges;7;30
Minneapolis, Hong Kong, Lady Gaga: Your Friday Evening Briefing;5;29
2 Suspects Charged With Murder in Ahmaud Arbery Shooting;5;8
Kobe Bryant’s Death and the Pitfalls for Big Brands;1;28
Travis Scott Meets McDonald’s (It’s Lit!);9;11
Drake’s GIF-a-Thon, and 9 More New Songs;8;14
Jogging Has Always Excluded Black People;5;12
Plight of Retail Workers: ‘I’m Scared to Go to Work’;3;18
Sabrina Ionescu’s Big Moment Wasn’t the One She Expected;3;28
Breaking the Curse of the It Bag;2;19
New York City Shopping Inches Back. No Store Required.;10;7
William Barr, George Floyd Protests, Birdsongs: Your Tuesday Evening Briefing;6;2
California’s Rollback, Washington’s N.F.L. team, Koalas: Your Monday Evening Briefing;7;13
Inside a Huge Brooklyn Protest: ‘The World Is Watching’;6;1
Apple Signals Coronavirus’s Threat to Global Businesses;2;17
Building Accessibility Into America, Literally;7;20
Businesses Are Supposed to Cut Debt in a Downturn. Why Not Now?;7;20
Japan’s Skateboarders Roll, Warily, Out of the Shadows;1;26
Two Olympic Marathoners. Two Lives Turned Around, Then Turned Around Again.;4;16
Kobe Bryant and the Sexual Assault Case That Was Dropped but Not Forgotten;1;28
Retailers, Battered by Pandemic, Now Confront Protests;6;1
The Virgil Abloh Backlash;6;1
Retailers, Battered by Pandemic, Now Confront Protests;6;1
The Virgil Abloh Backlash;6;1
The T List: Five Things We Recommend This Week;4;9
Supreme Court, Election 2020, U.S. Virus Surge: Your Monday Evening Briefing;10;26
For Simona Halep, Deciding to Not Play Made Her Want to Return Even More;10;2
Why the W.N.B.A. Loved Kobe Bryant;1;27
Markey Holds Off Joseph Kennedy in Massachusetts Senate Race;9;2
Why Economic Pain Could Persist Even After the Pandemic Is Contained;5;11
Yes, That’s Allyson Felix Running Down Your Block;5;8
The Bridge Between Michael Jordan and LeBron James: Kobe Bryant;1;28
Amar’e Stoudemire Is a Coach Now. But Don’t Call Him That.;12;23
Giannis Antetokounmpo Has Plenty of Pens. But Will He Sign?;12;11
As China Tracked Muslims, Alibaba Showed Customers How They Could, Too;12;16
Somewhere Between a Shared Cab and a Private Jet, It’s the Commuter Helicopter;2;1
‘Morally Impossible’: Some Advertisers Take a Timeout From Facebook;6;9
Loud Fitness Classes Take a Toll on Instructors’ Voices;1;9
At N.Y.U., Explaining an Unraveling World Through Basketball;9;17
With Unemployment Offices Busy, Recovery Seems a ‘Long Haul’;6;25
Here’s What Companies Are Promising to Do to Fight Racism;6;19
A Revolt Over Safety and Pay;3;31
The Virus Closed His Bronx Jewelry Store. Then Looters Broke In.;6;3
What Do You Do With a Stolen van Gogh? This Thief Knows;5;27
Her Olympic Dream on Hold, Teen Gymnast Faces Other Trials;6;27
David Chang Loves Beethoven’s Ninth (but Won’t Finish ‘Infinite Jest’);3;13
How the Coronavirus Could Hurt Apple and Starbucks;1;29
So You Want to Learn About Juneteenth?;6;13
Forget Swooshes and V’s. The Economy’s Future Is a Question Mark.;5;29
Temperature Checks at the Shoe Store? Social Distancing While Browsing for Handbags?;4;17
Japan’s Virus Success Has Puzzled the World. Is Its Luck Running Out?;3;26
The Knicks Are Trying Something New: A Rebrand;2;9
Magic in the Dirt;10;30
As the Start-Up Boom Deflates, Tech Is Humbled;2;24
Winners and Losers of the Trade Deal;1;16
The ‘2 Lizards’ of Instagram Are Coronavirus Art Stars;4;22
American Teenagers Are Declaring ‘Virginity Rocks’;3;16
The Fed Is Buying E.T.F.s Today;5;12
Is It Immoral to Increase the Price of Goods During a Crisis?;3;16
N.B.A. Star Kobe Bryant Dies in California Helicopter Crash;1;26
From Cosmetics to NASCAR, Calls for Racial Justice Are Spreading;6;13
In Campaign Against Racism, Team Names Get New Scrutiny;7;10
Layoffs Are Just Starting, and the Forecasts Are Bleak;3;17
What We’re Looking Forward To in 2021;12;24
Pandemic Closures Devastate Restaurant Industry’s Middle Class;12;9
Eliud Kipchoge Emerges as the Philosopher-King of Running;10;2
The Chinese Town That Became the Self-Immolation Capital of the World;7;28
Is This the Most Virus-Proof Job in the World?;4;7
The Highly Unlikely Yet Totally Predictable Return of Uggs;12;10
Your Tuesday Briefing;10;27
The World’s Fastest Family;10;5
‘Please, I Don’t Have Insurance’: Businesses Plead With Protesters;5;31
N.J. Transit’s Most Troubled Trains Are Older Than Many of the Riders;3;12
How Did Carlos Ghosn Flee Japan?;1;2
Why Calls to Boycott ‘Mulan’ Over Concerns About China Are Growing;9;8
An All-Day Journey Through Baseball’s Weird New Season;7;26
Trump Campaign Draws Rebuke for Surveilling Philadelphia Voters;10;22
J. Crew Files for Bankruptcy in Virus’s First Big Retail Casualty;5;3
Should Google Shrink to Save Itself?;2;6
2019: The Year in Visual Stories and Graphics;11;3
Celebrating Juneteenth in California;6;19
Michael Jordan and the ‘Last Dance’ Argue the Bulls Are the Best Ever;4;17
A Polish Olympian Aimed to Join Team U.S.A. Things Got Ugly.;2;22
Captain of the Day Traders;6;15
Tech I.P.O.s Take a Breather;12;14
‘Terrified’ Package Delivery Employees Are Going to Work Sick;3;21
The Path of Virus Deaths;11;30
This Is How We Juneteenth;6;18
Why Are All the Exes Texting?;5;29
Maria Sharapova Wants to Be Clear: She Is Retiring From Tennis, Not Quitting;2;26
Aunt Jemima Brand to Change Name and Image Over ‘Racial Stereotype’;6;17
Coronavirus, Huawei in Britain, Impeachment: Your Wednesday Briefing;1;28
Life Without Amazon (Well, Almost);12;29
Amazon Workers Urge Bezos to Match His Words on Race With Actions;6;24
Jeff Bezos Doubles Down on Amazon’s Pandemic Response;5;1
LeBron James’s Business Partner Now Wants to Get Out the Vote;6;19
Can You Get the Virus From a Surface?;5;28
What Happens Now to All That Washington N.F.L. Merchandise?;7;16
What Should Companies Do on Juneteenth?;6;18
How Long Will It Take for the Economy to Recover?;5;21
Alone With Their Muses, Artists in Retreat Wonder if It’s Too Much;5;8
Lakers Fall to Blazers on Emotional Night Honoring Kobe Bryant;1;31
Why Are American Women Running  Faster Than Ever? We Asked Them — Hundreds of Them;2;28
Can the King of Ultrarunning Conquer a Race as Short as the Marathon?;2;11
Real Men Don’t Rent;1;8
As Biden Prepares to Take Office, a New Rush at the Border;12;13
Companies Bet Big on Working From Home;11;30
FedEx Made a Demand Dan Snyder Couldn’t Afford to Dismiss;7;10
The Risk of ‘Overnight Ruin’;6;22
In Massachusetts, Markey Outflanks Kennedy by Running as Bold Insurgent;8;31
David Lee Roth Is Letting His Art (Mostly) Do the Talking;7;13
It’s the Year 2120. MasterClass Is the Only School Left.;5;25
Two Weapons, a Chase, a Killing and No Charges;4;26
For Latinos and Covid-19, Doctors Are Seeing an ‘Alarming’ Disparity;5;7
Who Got Rescued?;12;3
How One Shoreline Took the Lives of 7 Young People;6;26
Futura, a King of Graffiti, Returns to His Roots;12;9
He Has 17,700 Bottles of Hand Sanitizer and Nowhere to Sell Them;3;14
Back to School With Tan France;9;11
N.B.A. Superstars, Growth and Lockouts: The David Stern Years;1;2
Can Cam Newton Be Superman Again?;7;6
Markets Unsteady as Fed Signals Urgency of Economic Threat;3;15
A Grieving Young Tennis Star Finds Solace on the Court;1;18
Let There Be Light, and Art, in the Moynihan Train Hall;12;30
SARS Stung the Global Economy. The Coronavirus Is a Greater Menace.;2;3
The Super Bowl Is Problematic. Why Can’t We Look Away?;1;30
Scrapbooking As an Act of “Radical Self-Care”;8;5
‘It’s Just So Devastating’: For Crestfallen Gymnasts, an Olympic Dream Deferred;4;1
They Splurged on Fancy Clothes Before Quarantine. Now What?;7;8
Which Clothing and Beauty Stores Have Closed?;3;18
The Work Diary of Mira Mariah, Tattoo and ‘Girl Culture’ Expert;12;10
How Outdoor Voices, a Start-Up Darling, Imploded;3;10
We’re Not Used to Seeing Women Act This Way;12;9
Coronavirus in N.Y.: Cuomo Urges Caution on Reopening State’s Economy;4;11
Kobe Bryant, Transformational Star of the N.B.A., Dies in Helicopter Crash;1;27
Stocks Waver as China Tensions Climb;5;4
How New York City Lost Boxing;2;28
Trump Speaks on China. Markets Rise;5;29
Who’s the Next Woman to Take Over on Wall Street?;9;11
Spike Lee and the Battlefield of American History;5;21
‘Corporate America Has Failed Black America’;6;6
David Mitchell: ‘If Wishes Was Horses,’ a Short Story;7;7
The Best Actors of 2020;12;9
How to Make Billions in E-Sports;2;19
Investigators Call Evidence in the Ahmaud Arbery Shooting ‘Extremely Upsetting’;5;8
12 Days on the Most Storied Highway of Them All: The Silk Road;3;9
How President Trump Ruined Political Comedy;10;7
The Line Dance of the Pandemic;9;10
‘Helicopter Went Down, Flames Seen’: Kobe Bryant’s Last Flight;2;8
Coronavirus: Death Toll Climbs, and So Does the Number of Infections;1;28
An American Dies From the Virus in Wuhan, China;2;7
Shooting in Seattle Raises Worries; Video Catches Calif. Sign Vandals;6;21
Trump Says U.S. Death Toll Could Reach 100,000;5;3
Tear Gas Clears Path for Trump to Visit Church;6;1
Sparring and Schedules Offer Glimpse of Pandemic’s Partisan Lens;5;29
All Your Favorite Brands, From BSTOEM to ZGGCD;2;11
White Supremacy Was Her World. And Then She Left.;7;17
Court Allows Trump’s Tulsa Rally to Go Ahead;6;19
C.D.C. Gives New Guidelines, New York to Close Restaurants and Schools and Italian Deaths Rise;3;15
The Designer Changing How We Think About Fashion and Race in America;3;5
Pilot Was Trying to Fly Higher Before Crash That Killed Kobe Bryant;1;27
Can Shopify Compete With Amazon Without Becoming Amazon?;11;24
David Fincher’s Impossible Eye;11;19
Faces of Power: 80% Are White, Even as U.S. Becomes More Diverse;9;10
Sweatpants Forever: How the Fashion Industry Collapsed;8;6
The World According to Bad Bunny;10;7
How the Chiefs Beat the 49ers to Win the Super Bowl;2;2
‘White Fragility’ Is Everywhere. But Does Antiracism Training Work?;7;15
Does Palantir See Too Much?;10;21
Trump’s Taxes Show Chronic Losses and Years of Income Tax Avoidance;9;27
Corrections: Feb. 19, 2020;2;19
