Who’s Behind the Fight Between Warner Bros. and Hollywood? It’s AT&T;12;8
Internet Providers Won’t Cut Off Users Over Unpaid Bills for 60 Days;3;14
Cellphone Carriers Face $200 Million Fine for Not Protecting Location Data;2;28
Jesus, the Beatles and … Masa Son?;5;19
The T List: Five Things We Recommend This Week;5;7
The T List: Five Things We Recommend This Week;2;6
The T List: Five Things We Recommend This Week;4;9
The T List: Six Things We Recommend This Week;12;17
What You Need to Know About 5G in 2020;1;8
SoftBank Takes Another Multibillion-Dollar Hit From Bad Bets;2;12
Everything You Need to Know About Slow Internet Speeds;5;20
News Quiz: New Hampshire Primary, Coronavirus, Oscars;2;14
Top Antitrust Official Is Said to Recuse Himself From Google Inquiry;2;4
Really? Is the White House Proposing to Buy Ericsson or Nokia?;2;7
The Week in Business: Amazon Is Coming for Trump;2;16
Fighters of All Kinds Want a Piece of Conor McGregor;1;20
K.T. Oslin, Country Singer Known for ‘80’s Ladies,’ Dies at 78;12;22
A Portrait of 19th-Century Creole Culture;12;18
Wall Street Starts the Week With a Gain;6;22
The Visas and the Fury;6;23
Four Black Men, Lost in Thought;10;2
F.C.C. to Fine Cellphone Carriers for Selling Customers’ Locations;2;28
Stop Your Phone From Using So Much Data;3;5
New Hampshire, Coronavirus, Chocolate: Your Tuesday Evening Briefing;2;11
Surging Traffic Is Slowing Down Our Internet;3;26
HBO Max Is Here to Take On Netflix. Is It Too Late?;5;26
U.S. Charges Huawei With Racketeering, Adding Pressure on China;2;13
Trump Administration Sees No Threat to Economy From Monopolies;2;20
Why the 5G Pushiness? Because $$$.;10;22
Weekly News Quiz for Students: Weinstein Trial, Russian Interference, Boy Scouts;2;25
The Meaning of Morgan Stanley’s Move Onto Main Street;2;21
A Bird? A Plane? No, It’s a Google Balloon Beaming the Internet;7;7
Writer for Tucker Carlson Resigns After ‘Abhorrent’ Online Posts Are Revealed;7;11
Coronavirus Layoffs Are Hitting Start-Ups Hard;4;2
5 Simple Ways to Improve Your Wi-Fi;8;24
Fed Announces More Loans as Investor Alarm Persists;3;18
The Loans and the Fury;4;27
TikTok Was a Wasted Opportunity;9;14
Is This the Next Leader of the Fed?;2;13
Business Is Worried About Bernie. Should It Be?;2;12
Advertisers Are Fleeing Tucker Carlson. Fox News Viewers Have Stayed.;6;18
SoftBank Claws Back Into the Black After Historic Losses;8;11
Visa Is Doing What Big American Companies Do to ‘Protect This Business’;12;3
How Amazon, Geico and Walmart Fund Propaganda;1;21
Election Tech That’s Super Simple;10;19
Sports Leagues Bar Fans and Cancel Games Amid Coronavirus Outbreak;3;11
Grindr and OkCupid Spread Personal Details, Study Says;1;14
The World’s Stadiums Become a Lifeline;5;1
Your Wednesday Briefing;2;11
The Year Ended With Another Big Sale at 220 Central Park South;1;3
The 49ers Run (and Run and Run) Over Green Bay and Into the Super Bowl;1;20
The Saga of Michael Flynn;5;14
U.S. Carries Out Retaliatory Strikes on Iranian-Backed Militia in Iraq;3;12
Democrats, Roger Stone, Condé Nast: Your Wednesday Evening Briefing;2;12
The Krill of it All;8;10
U.S. Strike Against Iran Rattles Markets;1;3
Navy Plane Crashes in Alabama, Killing Crew of 2;10;24
Is the Viral Non-Ad Ad the Future of Advertising?;1;8
Your Thursday Briefing;2;12
Google’s European Search Menu Draws Interest of U.S. Antitrust Investigators;6;4
Microsoft Said to Be in Talks to Buy TikTok, as Trump Weighs Curtailing App;7;31
Silver Lining to the Mask? Not Having to Smile;6;10
You Don’t Need to Travel to Profit From International Stocks;1;17
The Future of Hotel Design;10;14
March Peacefully or ‘Take the Streets’? Protesters Debate What Comes Next;6;2
Are We Turning a Corner? Investors Are Betting on It;4;7
What Could Kill My New York Bookstores?;5;29
The Sovereigns of Thailand and the Skies;11;3
Winners and Losers of the Trade Deal;1;16
So We’re Working From Home. Can the Internet Handle It?;3;16
Boycotted. Criticized. But Fox News Leads the Pack in Prime Time.;8;9
Facebook Won’t Take Down Misleading Political Ads;1;9
This Deal Helped Turn Google Into an Ad Powerhouse. Is That a Problem?;9;21
Even as Covid-19 Looms, an M.L.B. Rookie Is Ready to Play;7;11
Kobe Bryant’s Death Cuts Short a Budding Business Career;1;27
Take a Year Off and Travel Without Going Broke;2;12
Davos Warms to Trump’s Results (if Not Him Personally);1;21
Bill Barr’s Junk Justice;5;14
Say One Thing, Donate to Another;7;21
What Will Trump’s Rally in New Hampshire Be Like? It’s Anyone’s Guess;7;8
Fee Waivers, Virtual Art Shows and Online Cooking Lessons;3;22
Jack Ma Quits SoftBank;5;18
‘It’s Hard to Prove’: Why Antitrust Suits Against Facebook Face Hurdles;12;10
Will ‘Big Data’ Restore Active Managers’ Mojo?;4;15
Following Dorothea Lange’s Notebooks;2;29
A Four-Point Plan for Fixing the Economy;6;17
Federal Agents Scour Home as They Hunt for Clues in Nashville Blast;12;26
App Shows Promise in Tracking New Coronavirus Cases, Study Finds;5;11
‘Scared to Death’ by Arbitration: Companies Drowning in Their Own System;4;6
How Conor McGregor Beat Donald Cerrone at U.F.C. 246;1;18
How the Aging Immune System Makes Older People Vulnerable to Covid-19;9;8
The Week in Tech: Coronavirus Disrupts the Industry;2;28
The Tech That Will Invade Our Lives in 2020;1;1
Did Washington Get in Uber’s Way?;6;11
Place Your Bets on Biden’s V.P.;6;25
Credibility and Converts: Revisiting Tara Reade and Jane Roe;5;28
Fighting Trump’s Falsehoods;4;9
Whose Statue Must Fall?;7;2
Fraudulent Jobless Claims Slow Relief to the Truly Desperate;7;2
In New Orleans, a Home That’s Gotten Finer With Age;9;15
NASCAR Drivers Support Bubba Wallace After Noose Is Found in Talladega Garage;6;22
Sessions Pays the Price for Incurring Trump’s Wrath, Losing Alabama Senate Race;7;15
Who’s Afraid of Justin Amash?;5;7
Does New York Survive the Coronavirus?;4;23
When Science Is Partisan;4;30
Kamila Shamsie: ‘The Walk,’ a Short Story;7;8
How Do We Vote in a Pandemic?;3;19
The Biden Accusation;4;16
The Pandemic vs. The President;3;12
Where Should We Draw the Line Between Community Health and Safety and Individual Liberty and Privacy?;5;27
How to Stream New Year’s Eve: 25 Shows From Pop, Jazz and Beyond;12;30
She Was More Than a Statistic in a Pandemic: ‘We Didn’t Want Her to Get Lost’;3;22
Reliable Amazon Isn’t Anymore;4;22
Step Chickens and the Rise of TikTok ‘Cults’;5;26
The Tech That Was Fixed in 2020 and the Tech That Still Needs Fixing;12;23
What Black America Knows About Quarantine;5;15
Which Opinions Are Out of Bounds?;6;18
Did de Blasio Bungle the Crisis?;5;21
Are We Headed for a Bernie Sweep?;2;13
What’s The Best Fix For a Recession?;3;26
Trump Emboldened;2;27
How Biden Came Back;3;5
Pentagon Takes Restrained Role in Coronavirus Response, Despite Calls for Help;3;25
Revisiting the Posy in Our Current Moment;4;24
Trump’s Best Case Against Impeachment;1;30
The President vs. the Governors;4;2
What Did We Learn in Iowa?;2;6
Twitter Could End the Office as We Know It;5;19
Amazon Halo Review: The Fitness Gadget We Don’t Deserve or Need;12;9
Jeff Sessions Was ‘Trump Before Trump.’ Will Alabama Voters Remember?;2;8
Disabled Do-It-Yourselfers Lead Way to Technology Gains;7;14
Looming Fee Increase Could Thwart Many U.S. Citizenship Applications;8;16
4 Stabbed and One Shot as Trump Supporters and Opponents Clash;12;12
A Colorful Townhouse With Nods to James Turrell;7;13
A Colorful Homecoming for a Milanese Designer;9;28
Ignore Phone Companies About 5G;10;15
Coronavirus Briefing: What Happened Today;8;26
How the Central Park Barber Spends His Sundays;7;17
A Pandemic Isn’t a Reason to Abolish the SAT;5;1
Raf Simons and Miuccia Prada Make Civil Discourse Look Lovely;9;24
The Justice Dept.’s Lawsuit Against Google: Too Little, Too Late;10;20
Want to Learn French? Italian? Russian? There’s No Time Like the Present;4;28
TikTok Enlists Army of Lobbyists as Suspicions Over China Ties Grow;7;15
Bolton Book Puts New Focus on Trump’s Actions in Turkey and China Cases;1;28
Game Changing;10;20
Hotels Nix Mints and Breakfast Buffets. Hand Sanitizer, Anyone?;7;20
Lee Kun-hee, Who Built Samsung Into a Global Giant, Dies at 78;10;25
If the Shoe Floats;10;26
Looking to Past Pandemics to Determine the Future of Theater;9;16
How a Dating App Helped a Generation of Chinese Come Out of the Closet;3;5
Robert Caro’s Papers Headed to New-York Historical Society;1;8
Your Thursday Briefing;2;13
Unemployment Claims Rise as Rollout of $300 Benefit Lags;8;20
NASCAR’s Confederate Flag Ban Faces a Test in Alabama;6;20
College Football’s Pandemic Playbook: Fewer Fans, No Tailgating, No Bands;8;27
For Conference Planners, Virus Means a ‘Huge Learning Curve’;5;18
The Highly Unlikely Yet Totally Predictable Return of Uggs;12;10
Your Thursday Briefing;8;26
Apple iPhone 12 Review: Superfast Speed, if You Can Find It;10;20
In a Naked Pandemic Race, You Can Leave Your Hat On;8;28
Where Has Your Tween Been During the Pandemic? On This Gaming Site;8;16
This Weekend’s Livestreaming Events: Tim McGraw and a Broadway Mother’s Day;5;8
Young Adults, Burdened With Debt, Are Now Facing an Economic Crisis;4;6
What Will Happen With Weddings?;6;25
‘We Ran Out of Space’: Bodies Pile Up as N.Y. Struggles to Bury Its Dead;4;30
‘We Are Definitely Not Out of the Woods’;6;25
Coronavirus, Justice Department, Democrats: Your Thursday Briefing;2;13
Vaccine Rates Drop Dangerously as Parents Avoid Doctor’s Visits;4;23
Keeping Clients Fit During the Pandemic by Going Virtual;5;26
For the Asking, Quarantine-Approved Dates;4;4
Livestreams to Watch: A Star-Studded Graduation Event, and Katy Perry Performs;5;15
Idled Cruise Line’s Offer: Use Our Ships as Hospitals. Is That a Good Idea?;3;20
To Tackle a Big Problem With Housing Affordability, One Entrepreneur Thinks Small;1;31
In Photos: Protesters March in Cities Across America;6;1
Virtual Reality: Realizing the Power of Experience, Excursion and Immersion in the Classroom;10;29
Undocumented and Pregnant: Why Women Are Afraid to Get Prenatal Care;11;22
F.B.I. Finds Links Between Pensacola Gunman and Al Qaeda;5;18
How Under Armour Lost Its Edge;1;26
Will the Last Confederate Statue Standing Turn Off the Lights?;6;23
Migrant Workers Restricted to Farms Under One Grower’s Virus Lockdown;10;19
As Federal Government Mobilizes, Local Officials Say Response Remains Too Slow;3;24
A Trump-Backed Senate Candidate’s Hedge Fund Disaster;7;5
SARS Stung the Global Economy. The Coronavirus Is a Greater Menace.;2;3
A New Activist Playbook;10;8
Hotels vs. Airbnb: Has Covid-19 Disrupted the Disrupter?;5;14
A Mighty Ant;10;27
Trump Wants a Backlash. Can He Whip One Into Shape?;7;1
Quibi Is Coming. Here Are the Famous People Making Shows for It.;3;6
Who Was Carlo Scarpa?;2;18
The Bard of American Privilege;3;3
Works for the Now, by Queer Artists of Color;6;29
From Bonn to Vienna, in Search of Beethoven, the Man;2;24
Cities Reimagined;11;17
Future Pastime;11;4
Scientists Worry About Political Influence Over Coronavirus Vaccine Project;8;3
‘Just Because I Have a Car Doesn’t Mean I Have Enough Money to Buy Food’;9;3
How Alabama’s Senate Primary Became a Trump Loyalty Contest;2;10
‘San Antonio Strong’;6;27
A Sculptor of the Female Gaze;2;12
How to Make Billions in E-Sports;2;19
Read the Criminal Complaint Against Julien Jin;12;18
The New Age of Care;10;27
9 Ways the Pandemic Will Change Travel in 2021;12;22
Walt Whitman, Poet of a Contradictory America;9;14
Closing the Imagination Gap;11;11
How the Chiefs Beat the 49ers to Win the Super Bowl;2;2
52 Places, Virtually;4;14
Trump, in a Departure, Says Virus Will Get Worse;7;21
Republicans Begin New Relief Talks as Hopes Fade for Rapid Recovery;7;20
A Friendship, a Pandemic and a Death Beside the Highway;7;31
All 315 Wirecutter Budget Picks;5;12
These Americans Tried to Listen to One Another. A Year Later, Here’s How They’re Voting.;10;24
How Black Lives Matter Reached Every Corner of America;6;13
Remembering the 100,000 Lives Lost to Coronavirus in America;5;24
The Learning Curve;10;13
Cory Booker Has More to Say;1;14
My Phones;1;3
In Harm’s Way: Fighting the Summer Surge;5;5
