Thailand Moves to Legalize Same-Sex Unions, a Rare Step in Asia;7;9
How Would You Like to Live in the Nation of New England?;4;23
Here’s the business news to watch this week.;7;20
Samantha Hickey, Nurse With a Gift for Diagnosis, Dies at 45;7;23
To Deal With China, Trump Should Learn German;8;25
Chasing Illicit Money, Global Officials Circle a Puerto Rican Firm;10;19
Trump Falsely Calls China Trade Agreement ‘Biggest Deal There Is’;1;16
China-Led Trade Pact Is Signed, in Challenge to U.S.;11;15
South Korean Ends Yearlong Tower Protest After Samsung Apologizes;5;29
Lauren Escobar, Alex Slater;2;9
The Return of Gage & Tollner, a Victorian Haunt With a New Vibe;3;4
Today’s Republicans Are Like Lincoln in Only One Way;2;13
State Department Warns Against Traveling to China Amid Coronavirus Outbreak;1;31
Can 50 Years of Minimizing Nuclear Proliferation Continue?;3;5
They Clean the Buildings Workers Are Fleeing. But Who’s Protecting Them?;3;18
The Japanese Surrender: A Sailor’s Perspective;8;14
Indonesia’s Parliament Approves Jobs Bill, Despite Labor and Environmental Fears;10;5
The Knicks Were 0-for-Los Angeles, but There May Be Signs of Hope;1;8
In Hong Kong, China Threatens Businesses and Workers;5;31
What’s Happening With Plans to Restructure PG&E?;2;18
Philippines Moves to Shut ABS-CBN, Its Leading Broadcast Network;2;10
Watch the Moon Landing of China’s Chang’e-5 Spacecraft;12;2
Watch a Chinese Spacecraft Launch From the Moon and Start Its Trip Back to Earth;12;3
Watching Earth Burn;12;28
PG&E Has a Survival Plan, and Newsom Has Plan B: A Takeover;2;7
Hong Kong Tightens Border as Medical Workers Call for Shutdown;2;3
Wildfire Smoke Chokes Canada’s Western Skies;9;14
How Hard Is It to Quit Coal? For Germany, 18 Years and $44 Billion;1;16
Civilian Planes Shot Down: A Grim History;1;9
Who Would Rig This Vote? The Fraud Was Real (and Feathers Were Ruffled);11;10
Will Ghost Sharks Vanish Before Scientists Can Study Them?;12;17
We’re Still Living in Stalin’s World;2;4
China and America Can Compete and Coexist;2;3
China, Seeking a Friend in Europe, Finds Rising Anger and Frustration;9;17
Another Month on a Warming Planet: Record-Hot November;12;7
Germany Investigates 3 Suspected of Spying for China;1;16
What Nevada Wants in a President;2;21
They Escaped an Infected Ship, but the Flight Home Was No Haven;2;17
In Wake of Recent India-China Conflict, U.S. Sees Opportunity;10;3
What to Watch in Sports Right Now;10;18
Indonesian President Quietly Signs Divisive Bill Into Law Overnight;11;3
Outspoken Chinese Professor Is Said to Be Released From Detention;7;12
‘You Could Compare It to a Picasso’: Pigeon Sells for $1.9 Million;11;16
News Quiz: Presidential Pardons, Michael Bloomberg, Coronavirus;2;21
What to Know About Calls to Defund the Police in California;6;9
W.H.O. Members Reject Trump’s Demands but Agree to Study Its Virus Response;5;19
When the Mexican Air Force Went to War Alongside America;5;27
Hit Hard by Coronavirus, Russia Holds a Mostly Mask-Free Victory Parade;6;24
At Climate Week, America’s Cascading Disasters Dominate;9;25
For Indian Women Working as Cooks and Nannies, No #MeToo Moment;10;14
China’s Claims to the South China Sea Are Unlawful. Now What?;7;27
‘My Last Stand’: In South Korea, a Protester’s Lone Fight Against Samsung;4;19
What’s at Stake for Shinzo Abe’s Successor;9;2
Rush Limbaugh Says His Lung Cancer Is ‘Going in the Wrong Direction’;10;20
Munir Mangal, Afghan General and Police Commander, Dies at 70;5;6
Venezuela Raids Food Charity, Interrupting Meals for Children;11;26
U.S. Bars Sri Lankan Army Chief Accused of War Crimes;2;15
Protests Spread Across Indonesia Over Jobs Law;10;8
Managing the Majestic Jumbo Flying Squid;6;4
What Are the Plans for Reopening California Schools?;8;13
Singing Dogs Re-emerge From Extinction for Another Tune;8;31
Norman Bernal, Generation-Spanning Music Teacher, Dies at 75;9;30
2019 Was Second-Hottest Year on Record;1;8
Suspension From European Airspace Is Latest Blow to Pakistan’s Troubled Airline;7;1
Why Graduate Students at U.C. Santa Cruz Are Striking;2;11
Coronavirus, Brexit, Australian Open: Your Monday Briefing;2;2
On Politics: Where Things Stand Before South Carolina;2;28
China and E.U. Leaders Strike Investment Deal, but Political Hurdles Await;12;30
Philippines Reports First Coronavirus Death Outside China;2;2
Bracing for California Wildfires During a Pandemic;7;10
What to Know About California’s Testing Expansion;4;24
Myanmar Election Delivers Another Decisive Win for Aung San Suu Kyi;11;11
How to Survive in an Outbreak;2;7
Afghan Votes Will Be Audited, Extending Monthslong Election Crisis;2;5
A Hong Kong Activist, Nathan Law, Seeks Political Asylum in Britain;12;22
Finding Love After Divorce;8;21
China-E.U. Talks Hit Another Snag as Biden Camp Objects;12;23
Rhody McCoy, Key Figure in New York’s School Wars, Dies at 97;5;21
‘Facing the Darkest Hour’: Hong Kong’s Protest Movement in Crisis;5;30
A Day to Remember Kobe Bryant;2;24
That would never happen at my parents’ job.;6;26
Glimpses of the Isolated Communities Along a Remote Siberian River;9;28
For Japanese Princess, Fairy-Tale Wedding May Be Distant Prospect;11;30
No More ‘Ladies and Gentlemen’ on Japan Airlines;9;29
Museum in India Celebrating Muslim Dynasty Gets a Hindu Overhaul;9;15
For Hong Kong, Tiananmen Looms Over the Future;6;3
Facebook Apologizes for Vulgar Translation of Chinese Leader’s Name;1;19
Strong Turnout in Myanmar Shows Voters’ Support for Nascent Democracy;11;9
Spreading Across Continents, a Lethal Virus Tests a Fraying Global Order;2;24
The U.S. Is Getting Shorter, as Mapmakers Race to Keep Up;5;22
Gas Leak in India at LG Factory Kills 11 and Sickens Hundreds;5;7
Hong Kong Protesters Who Fled by Boat Are Sentenced to Prison in China;12;30
A College Football Conference Can Choose Players Over Profits for a Change;9;17
Celebrating Juneteenth in California;6;19
Western Universities Rely on China. After the Virus, That May Not Last.;3;21
Trapped by Pandemic, Ships’ Crews Fight Exhaustion and Despair;9;9
Hong Kong Reports Its First Coronavirus Death as Outbreak Widens;2;4
U.K. Officials’ New Trump Dilemma: What if He Loses?;7;31
A Brazen Police Shooting Caught on Video Sparks Anger in the Philippines;12;21
Rev. Vickey Gibbs, Activist in a Progressive Church, Dies at 57;7;15
With or Without the Say of Players, College Football Moves Toward a Return;5;27
Pompeo Calls China’s Ruling Party ‘Central Threat of Our Times’;1;30
The Debate to Use Atomic Bombs Against Japan;8;3
Is California a Nation-State?;4;14
Missions to Venus: Highlights From History, and When We May Go Back;9;14
Australia Is Committing Climate Suicide;1;3
C.E.O.s Say ‘It’s a Grind’;7;20
Fire and Heat Hit California, Again;9;8
10 New Books We Recommend This Week;9;3
California Reports More Coronavirus Cases Than New York;7;23
What Counts as an ‘Essential Business’ in California?;3;23
California Fires: Want to Control Blazes? Start More, Experts Say;8;26
Croatian Prime Minister’s Gamble on Early Elections Pays Off.;7;5
Judge Is Shot and Killed in Her Office at Manila’s City Hall;11;11
Hong Kong Disneyland to Close Again, Days After Disney World Reopens;7;13
Dr. Tomisaku Kawasaki, Who Pinpointed a Mysterious Disease, Dies at 95;6;17
Duterte Signs Antiterrorism Bill in Philippines Despite Widespread Criticism;7;3
Mario J. Aranda, Advocate for Immigrant Rights, Dies at 79;10;9
Extinction Is Not Inevitable. These Species Were Saved.;9;12
The Heart-Stopping, Nerve-Shredding Race to Be America’s Deadliest Combat Pilot;1;14
A Convicted Kidnapper Is Chosen to Lead Government of Kyrgyzstan;10;10
Hong Kong Bans Eating in Restaurants. And Then It Doesn’t.;7;31
John Rood, Top Defense Official, Latest to Be Ousted After Impeachment Saga;2;19
How Italy Coped, and Will Keep Coping;5;4
China’s Aggressive Diplomacy Weakens Xi Jinping’s Global Standing;4;17
Your Tuesday Briefing;12;21
China’s Leash on Hong Kong Tightens, Choking a Broadcaster;7;8
Exports of Used Cars Are a Pollution Problem, U.N. Warns;10;26
In Kabul’s Heart, Soviet Towers Harbor Decades of Tales;4;9
Need a Haircut? You Might Be Able to Get One;5;27
How Latinos Can Win the Culture War;9;2
Newsom Vows to ‘Face Climate Change Head On’ in California;9;9
How Do People Become Homeless?;1;22
How to Use All Your California Produce;5;29
What to Know About the Coronavirus Spread in California;3;6
White Supremacist Guilty of Killing 2 Who Came to Aid of Black Teens;2;21
We Spoke to Six Americans With Coronavirus;3;4
Your Thursday Briefing;9;2
Coronavirus Limits California’s Efforts to Fight Fires With Prison Labor;8;22
Law Will Tighten Beijing’s Grip on Hong Kong With Chinese Security Force;6;20
Surging Traffic Is Slowing Down Our Internet;3;26
Along Russia’s ‘Road of Bones,’ Relics of Suffering and Despair;11;22
Modi’s Budget Offers Few Solutions to Revive India’s Weak Economy;2;1
Afghan Deaths Pile Up in Uncertainty Over U.S. Deal With Taliban;6;27
The End of the New World Order;5;23
U.K. Bars Huawei for 5G as Tech Battle Between China and the West Escalates;7;14
Bhutan Becomes Latest Asian Nation to Dial Back Anti-Gay Laws;12;12
Philippine Congress Officially Shuts Down Leading Broadcaster;7;10
Ramen (and Udon) Available for Home;4;7
Hong Kong University to Fire Law Professor Who Inspired Protests;7;28
Top China Critic Becomes Its Defender;10;6
Masked Men Attack Students in Rampage at University in New Delhi;1;6
Leading Philippine Broadcaster, Target of Duterte’s Ire, Forced Off the Air;5;5
A Balancing Act for California’s Democratic Leaders;6;2
Biden Wants America to Lead the World. It Shouldn’t.;12;2
A Growing U.S. Base Made This Afghan Town. Now It’s Dying.;1;12
Newsom Family Quarantines Amid California’s Covid Surge;11;24
The Fallout From New Hampshire: This Week in the 2020 Race;2;15
$2.2 Million Homes in California;6;8
How to Spend Your Weekend Outside;5;1
Your Thursday Briefing;5;13
3 Killed in Fresh Wildfires in Northern California;9;28
Ask Your Questions About the Pandemic in California;6;17
They Survived the Worst Battles of World War II. And Died of the Virus.;5;24
Joe Biden’s China Journey;9;6
What to Know About California’s Unemployment System ‘Reset’;9;22
Iranian-Americans in California React to Suleimani’s Death;1;6
The Fandom Around R.B.G. Is Out of Step With Reality;8;12
Coronavirus Spreads to Soccer’s Schedule, Closing Stadiums and Stranding Teams;2;25
Young Crash Victims Shared Kobe Bryant’s Passion for Basketball;1;28
Your Monday Briefing;12;27
A Quarter of Bangladesh Is Flooded. Millions Have Lost Everything.;7;30
China Poised to Buy More From U.S., at the Expense of U.S. Allies;1;23
William Barr, ‘Red Zones,’ the Emmys: Your Tuesday Evening Briefing;7;28
China Ramps Up a War of Words, Warning the U.S. of Its Red Lines;10;5
On Russia-China Border, Selective Memory of Massacre Works for Both Sides;3;26
Trump’s Tariffs? Coronavirus? China’s Exports Are Surging Anyway;8;31
In Hong Kong, the Coronavirus Strikes a Wounded City;2;7
Violent Attacks Plague Afghanistan as Peace Talks in Doha Slow;9;19
From Starbucks to FedEx, Coronavirus Upends Businesses That Depend on China;2;7
Pompeo Praises Britain for Getting Tough on China;7;21
Moderna Vaccine, E.U., Joe Biden: Your Tuesday Briefing;11;17
A Big Win for Democrats in California Came With a Gut Check for Liberals;11;6
Navy Captain Removed From Carrier Tests Positive for Covid-19;4;5
Thich Quang Do, Defiant Rights Champion in Vietnam, Dies at 91;2;24
In Michigan Visit, Trump Forgoes Criticism and Talks About the Economy and the Flood;5;21
Wildfires, Pandemic, Earthquakes. What’s Next for California?;8;27
Brushing Off Criticism, China’s Xi Calls Policies in Xinjiang ‘Totally Correct’;9;26
China and the Rhineland Moment;5;29
Renault and Nissan Unveil Plan to Patch Tattered Alliance;5;27
When the World Seems Like One Big Conspiracy;11;20
Your Thursday Briefing;12;30
As Hong Kong Law Goes After ‘Black Sheep,’ Fear Clouds Universities;11;7
Donald Trump, Cruise Ships, Avalanche: Your Thursday Briefing;2;5
Sailors Stranded for Months as China Refuses to Let Ships Unload Australian Coal;12;26
Your Monday Briefing;12;13
Your Thursday Briefing;1;29
This Los Angeles Team Wants to Diversify Cycling. They’re Starting With Its Podiums.;12;1
Long After the Bomb, Its Story Finds a New Audience;10;12
Hajj, Novak Djokovic, Europe Travel: Your Wednesday Briefing;6;23
Bruno Barbey, Magnum Photographer of War and Peace, Dies at 79;11;16
Leila Janah, Entrepreneur Who Hired the Poor, Dies at 37;1;30
Robert Thacker, 102, Dies; Survived Pearl Harbor to Fly in 3 Wars;12;25
A Coronavirus Infection Complicates Portland-Area Firefighting Efforts;9;18
Robert Gates Calls to Replace Base Names From ‘Dark Side of Our History’;6;14
How China May Help Its Enemy Get Elected in Taiwan;1;10
Caught in ‘Ideological Spiral,’ U.S. and China Drift Toward Cold War;7;14
Encinitas, Calif.: A Beach Town Where Prices Rise With the Tide;2;18
Your Friday Briefing;12;17
A Juneteenth of Joy and Resistance;6;9
Your Wednesday Briefing;10;13
Wuhan Coronavirus, Brexit, Australian Open: Your Thursday Briefing;1;22
China Brings Moon Rocks to Earth, and a New Era of Competition to Space;12;16
Harold Burson, a Giant in Public Relations, Dies at 98;1;10
Global Anger Grows Over George Floyd Death, and Becomes an Anti-Trump Cudgel;6;1
How China Brought Nearly 200 Million Students Back to School;9;12
China Launches Moon Mission to Bring Back Lunar Rocks;11;23
N.Y.P.D. Says It Used Restraint During Protests. Here’s What the Videos Show.;7;15
Hong Kong Protests, One Year Later;6;9
Why the ‘Super Weird’ Moons of Mars Fascinate Scientists;7;25
Donors Pledge Less Aid to Afghanistan During a Violent Chapter;11;24
‘Now, We Fight Face to Face’: Thailand’s Protests Shatter Taboos;11;18
Why the ‘Super Weird’ Moons of Mars Fascinate Scientists;7;25
How Much Has the California Primary Mattered in the Past?;2;27
How a Hong Kong Campus Became a Fiery Battlefield;2;14
As India Reopens, Deadly Accidents Break Out;5;8
Filipino Musicians Drive Hong Kong’s Music Scene, but Gigs Have Dried Up;5;7
On Pandemic’s Front Lines, Nurses From Half a World Away;4;20
Coronavirus Briefing: What Happened Today;3;5
What to Know About Newsom’s Big Climate Plan;9;24
Afghan Leader Digs In on Peace Talks Despite Progress, Officials Say;11;29
Meet Our New Los Angeles Bureau Chief;2;10
Losing Track of Time in the Epicenter of China’s Coronavirus Outbreak;2;5
After Factory Disaster, Bangladesh Made Big Safety Strides. Are the Bad Days Coming Back?;3;1
8 Things to Do This Weekend;7;23
India Coronavirus Map and Case Count;4;22
European Tourism, Fed Warning, Matt Damon: Your Thursday Briefing;5;14
Britain Defies Trump Plea to Ban Huawei From 5G Network;1;28
China Will Answer ‘Heavenly Question’: Can It Land on Mars?;7;22
Race for Coronavirus Vaccine Pits Spy Against Spy;9;5
At Afghan Peace Talks, Hoping to End Their Fathers’ War;10;5
‘This Is Not Democracy’: Myanmar Prepares for a Troubled Election;11;6
How Much Will the Wildfires Cost?;9;16
Hong Kong Protesters Return to Streets as New Year Begins;1;1
With a Kiss, Netflix Gets Tangled in India’s Religious Tensions;11;23
What to Know About California’s Covid-19 Restrictions;11;19
Philippine Dissenters May Face Terrorist Designation;6;4
What to Know About Proposition 13;2;26
An Update on a Crucial District Attorney Race;10;6
China Is Dismantling the Empire of a Vanished Tycoon;7;18
Philippine Dissenters May Face Terrorist Designation;6;4
What to Know About Proposition 13;2;26
More Restrictions as the Covid-19 Surge Continues;11;30
California Is ‘Pulling the Emergency Brake’ on Reopening;11;17
What More Can California Do to Stop the Coronavirus?;7;30
China’s Mars Mission, Tianwen-1, Begins Its Monthslong Journey;7;23
China’s Pledge to Be Carbon Neutral by 2060: What It Means;9;23
Earl Cameron, Barrier-Breaking British Actor, Is Dead at 102;7;10
Portraits of Everyday Life in the Indian State of Gujarat;6;15
Protesters in Hong Kong Rally Against China’s Tightening Grip;5;27
Facebook, Google and Twitter Rebel Against Pakistan’s Censorship Rules;2;27
Gandhi’s Killer Evokes Admiration as Never Before;2;4
Russia Exerts Growing Influence in Africa, Worrying Many in the West;1;28
Why Aren’t Face Shields More Popular in California?;6;26
Ask Who Paid for America’s Universities;5;7
Coronavirus, Hagia Sofia, Frozen Drinks: Your Friday Evening Briefing;7;10
How an Oakland Bar Is Preparing to Reopen;6;25
Why Are People Protesting in Hong Kong?;5;27
NATO Eyes Troop Reductions in Afghanistan as U.S. Draws Down;2;5
Kamala Harris Makes California History;11;9
Your Friday Briefing;10;8
Meet Members of a Historic University of California Class;8;5
California Barber Shops Have Reopened. Nail Salons Are Still Waiting;6;10
William Haddad, Crusader for Generic Drugs, Dies at 91;5;5
Newsom Orders All Californians to Stay Home;3;20
What It Was Like to Participate in a Covid-19 Vaccine Trial;12;18
Another Police Shooting Draws an Outcry;9;2
Trying Again: A Plan for Reopening California;8;31
Sorry, the World’s Biggest Bike Maker Can’t Help You Buy a Bike Right Now;8;17
I.C.C. Allows Afghanistan War Crimes Inquiry to Proceed, Angering U.S.;3;5
California Barber Shops Have Reopened. Nail Salons Are Still Waiting;6;10
Another Police Shooting Draws an Outcry;9;2
Trying Again: A Plan for Reopening California;8;31
Sorry, the World’s Biggest Bike Maker Can’t Help You Buy a Bike Right Now;8;17
William Haddad, Crusader for Generic Drugs, Dies at 91;5;5
Newsom Orders All Californians to Stay Home;3;20
I.C.C. Allows Afghanistan War Crimes Inquiry to Proceed, Angering U.S.;3;5
Xavier Becerra’s Move to the Biden Administration;12;9
Making Sense of the California Voter;11;5
Talking to Kids About Racism;6;5
Where the Pomegranate Harvest Is Life, the Taliban Brought Ruin;11;22
Could a Californian Be Vice President?;8;4
Afghan Power-Sharing Deal Would Promote General Accused of Rape;5;16
Ecuador Gives Glimpse Into Pandemic’s Impact on Latin America;4;8
A Conversation With California’s First Gen Z Lawmaker;12;2
What to Know About the California Curfew;11;20
Hong Kong Protest Icon Mysteriously Vanished. Then She Returned, Unbowed.;11;10
Hiroshima 75th Anniversary: Preserving Survivors’ Message of Peace;8;5
Newsom Rolls Back Reopening in California;7;14
Sutter Health’s Request to Delay $575 Million Settlement Is Denied;7;10
Sutter Health’s Request to Delay $575 Million Settlement Is Denied;7;10
Why So Many Filipino Californians Are on the Front Lines;5;15
How Does a Farmer Adapt if People Don’t Want to Touch Fruit?;5;6
How Will the Federal Stimulus Help Californians?;3;27
Bong Joon Ho’s Path From Seoul to Oscar Dominance;2;13
Children in a World Gone Mad: 5 Kids’ Books Set During World War II;8;28
The Reopening of California Has Begun;5;8
Saving One of the State’s Oldest Newspapers, and Himself;2;13
He was a Civil Rights Leader Shunned Because He Was Gay. That Might Change.;1;21
“ကျုပ်တို့က ကျည်ပြီးတယ်” ကလေးစစ်သားတို့ကြီးပြင်းလာချိန်မှာ စစ်၏အမွေက သက်ဆိုးရှည်ဆဲပင်;10;12
In San Francisco, Virus Is Contained but Schools Are Still Closed;11;1
Pop-Up Dinners That Share a Culture, Course by Course;1;28
36 Hours in Honolulu;1;23
On Singles’ Day in China, Couriers Clamor for More;11;11
China’s Offer to Help With Virus Testing Spooks Hong Kong;8;6
Cruise Ship, Oscars, North Korea: Your Tuesday Briefing;2;10
How the Coronavirus Could Hurt Apple and Starbucks;1;29
A Job for Life, or Not? A Class Divide Deepens in Japan;11;27
Pelosi on Trump and Russia: ‘This Is as Bad as it Gets’;6;29
With India’s TikTok Ban, the World’s Digital Walls Grow Higher;6;30
From Sacramento to San Diego, Californians Join Protests;6;1
Your Thursday Briefing;2;19
Coronavirus, Japanese Coal, Iowa Caucuses: Your Tuesday Briefing;2;3
London Breed’s Unusual Bid on Affordable Housing;2;5
Iran, Ukrainian Airline Crash, Taiwan Elections: Your Friday Briefing;1;9
An Ancient Hill and Forgotten Dead: Afghanistan’s Haunted Outpost;10;31
A Rarely Seen Weapon Destroys a Helicopter in Afghanistan;7;30
Your Thursday Briefing;11;4
For Indian Women, the Coronavirus Economy Is a Devastating Setback;6;9
It’s Finally Super Tuesday;3;3
A Divided Hong Kong Confronts the Arrival of the Coronavirus;1;28
Your Tuesday Briefing;12;14
‘We Will Persevere’: A Newspaper Faces the Weight of Hong Kong’s Crackdown;8;12
Haircuts Outside? California Shows Complexity of Reopening;7;21
Hong Kong Protest Movement Left Reeling by China’s Power Grab;5;22
Worried About Paying Your Rent or Mortgage in California?;3;26
U.S. Diplomats and Spies Battle Trump Administration Over Suspected Attacks;10;19
Your Thursday Briefing;10;21
Your Monday Briefing;10;4
Your Monday Briefing;9;13
Global Economy, Chinese Students, Pakistan Crash: Your Thursday Briefing;6;24
Coronavirus, Boris Johnson, Wuhan: Your Wednesday Briefing;4;8
China’s Coronavirus Battle Is Waning. Its Propaganda Fight Is Not.;4;8
The World Needs Masks. China Makes Them, but Has Been Hoarding Them.;3;13
After 18 Years, Is This Afghan Peace, or Just a Way Out?;2;29
China Increasingly Walled Off as Countries Seek to Stem Coronavirus;2;1
Your Thursday Briefing;12;16
Your Thursday Briefing;7;22
Your Thursday Briefing;7;1
China’s Vaccine, TikTok, Pakistan Stock Exchange: Your Tuesday Briefing;6;29
Los Angeles School District Cut Its Police Budget, Then the Chief Resigned;7;7
Your Thursday Briefing;7;22
The Dress Codes of the Uprising;6;16
Your Thursday Briefing;7;1
China’s Vaccine, TikTok, Pakistan Stock Exchange: Your Tuesday Briefing;6;29
Biden Criticizes Trump Over Intelligence on Russian Bounties on U.S. Troops;6;28
Global Backlash Builds Against China Over Coronavirus;5;3
Stocks Surge as Biden Leads Super Tuesday Results;3;4
Coronavirus, Markets, Expelled Journalists: Your Thursday Briefing;3;18
Coronavirus, India Violence, South Carolina Primary: Your Monday Briefing;3;1
Burbank, Calif.: In the Valley, Over the Hill From Los Angeles;1;28
Your Monday Briefing;9;27
Your Friday Briefing;6;11
As Virus Spreads, China and Russia See Openings for Disinformation;3;28
U.S. Charges Chinese Military Officers in 2017 Equifax Hacking;2;10
Thailand, Coronavirus, Trump: Your Monday Briefing;2;9
Trump, Biden and ‘Made in U.S.A.’: Same Refrain, Varying Notes;9;28
Russia Secretly Offered Afghan Militants Bounties to Kill U.S. Troops, Intelligence Says;6;26
Wuhan Cases, India’s Trains, Silk Road: Your Tuesday Briefing;5;11
Xi Jinping in Wuhan, Coronavirus, Putin: Your Wednesday Briefing;3;10
Behind Campus Attack in India, Some See a Far-Right Agenda;1;10
Your Thursday Briefing;9;9
Your Thursday Briefing;12;9
Report Points to Microwave ‘Attack’ as Likely Source of Mystery Illnesses That Hit Diplomats and Spies;12;5
Your Friday Briefing;8;27
Your Friday Briefing;5;28
Its Coronavirus Cases Dwindling, China Turns Focus Outward;3;18
U.S. Plans ‘Radical Expansion’ of Coronavirus Testing;2;29
‘Our Situation is Apocalyptic’: Bangladesh Garment Workers Face Ruin;3;31
U.S. Faces Tough ‘Great Game’ Against China in Central Asia and Beyond;2;13
‘Our Situation is Apocalyptic’: Bangladesh Garment Workers Face Ruin;3;31
China Pushes to Churn Out Coronavirus Gear, Yet Struggles to Police It;3;27
Your Friday Briefing;2;27
China’s Combative Nationalists See a World Turning Their Way;12;14
Managing the Bedbugs, Bathroom Shortages and Big Egos at Yalta;9;29
‘The Fish Rots From the Head’: How a Salmon Crisis Stoked Russian Protests;8;15
Hong Kong, U.S. Election, Bangladesh Floods: Your Friday Briefing;7;30
As Coronavirus Fades in China, Nationalism and Xenophobia Flare;4;16
In U.S. and Germany, Community Transmission Is Now Suspected;2;26
Deaths Surpass 200, and State Department Urges Against Travel to China;1;30
‘We Were Bulletproof’: As Child Soldiers Grow Up, Legacy of War Lingers;10;12
South Korea Raises Threat Alert Level;2;23
Covid-19 Arrived in Seattle. Where It Went From There Stunned the Scientists.;4;22
‘JFK,’ by Fredrik Logevall: An Excerpt;9;8
Coronavirus Rips Into Regions Previously Spared;6;4
China Is Defensive. The U.S. Is Absent. Can the Rest of the World Fill the Void?;5;11
Coronavirus, Global Tourism, India’s Free Press: Your Friday Briefing;4;2
In Blow to Beijing, Taiwan Re-elects Tsai Ing-wen as President;1;11
Heat, Smoke and Covid Are Battering the Workers Who Feed America;8;25
India’s Outbreak, Seoul Mayor, Short Stories: Your Friday Briefing;7;9
‘This Government Is Lucky’: Coronavirus Quiets Global Protest Movements;4;23
Istanbul Death Toll Hints Turkey Is Hiding a Wider Coronavirus Calamity;4;20
U.S. Weighs Sweeping Travel Ban on Chinese Communist Party Members;7;15
Hong Kong, Stimulus, Huawei: Your Thursday Briefing;5;27
W.H.O., Cyclone Amphan, Huawei: Your Wednesday Briefing;5;19
Your Thursday Briefing;5;6
U.S. Tries to Bolster Taiwan’s Status, Short of Recognizing Sovereignty;8;17
Edén Pastora, ‘Commander Zero’ in Nicaragua, Dies at 83;6;16
Chuck Yeager, Test Pilot Who Broke the Sound Barrier, Is Dead at 97;12;8
Why China’s Move to Rein In Hong Kong Is Just the Start;5;24
W.H.O., Cyclone Amphan, Huawei: Your Wednesday Briefing;5;19
Your Thursday Briefing;5;6
U.S. Tries to Bolster Taiwan’s Status, Short of Recognizing Sovereignty;8;17
Edén Pastora, ‘Commander Zero’ in Nicaragua, Dies at 83;6;16
A Frazzled World Holds Its Breath While the U.S. Chooses Its Leader;10;31
Coronavirus Pandemic, Angela Merkel, Markets: Your Thursday Briefing;3;11
Coronavirus, China’s Quarantines, Super Tuesday: Your Tuesday Briefing;3;2
Taliban and U.S. Strike Deal to Withdraw American Troops From Afghanistan;2;29
In Coronavirus Fight, China Sidelines an Ally: Its Own People;2;18
Coronavirus, Huawei in Britain, Impeachment: Your Wednesday Briefing;1;28
Stacey Abrams Knows the Secret to Winning the White House;4;20
Where’s Xi? China’s Leader Commands Coronavirus Fight From Safe Heights;2;8
We Are Still Living the Legacy of World War II;9;2
Your Tuesday Briefing;6;15
Coronavirus Flare-Up, U.S. Police, Facebook: Your Monday Briefing;6;14
Americans Demand a Rethinking of the ‘Forever War’;2;3
Hawaii Is a Paradise, but Whose?;2;4
The Next Gauge of the Economy Will Be Corporate Earnings;4;10
Companies Sell the Blood of Recovered Coronavirus Patients for Exorbitant Prices;5;1
An American Dies From the Virus in Wuhan, China;2;7
What’s in (and Not in) the U.S.-China Trade Deal;1;15
The First Signs of Travel’s Return?;5;8
Laid Off and Locked Up: Virus Traps Domestic Workers in Arab States;7;6
Spies and Commandos Warned Months Ago of Russian Bounties on U.S. Troops;6;28
What Do Sweden and Mexico Have in Common? A Feminist Foreign Policy;7;21
Coronavirus, Vaccine Testing, Yoga in Nepal: Your Wednesday Briefing;3;17
‘I Am Just Hong Kong’: A City’s Fate in China’s Hands;5;23
A Different Cold War;7;15
How Russia Built a Channel to the Taliban, Once an Enemy;7;13
Almost 500 Million Children Are Cut Off From School in Pandemic, Report Says;8;26
The Reporter Who Told the World About the Bomb;8;4
This Chemical Can Impair Fertility, but It’s Hard to Avoid;8;25
With Earthquakes and Storms, Puerto Rico’s Power Grid Can’t Catch a Break;1;10
E.U. Waters Down Report on China’s Coronavirus Propaganda;4;24
Atlanta Officer Who Shot Rayshard Brooks Surrenders;6;18
Two States. Eight Textbooks. Two American Stories.;1;12
U.S. Cases of Coronavirus Surpass 1,000; British Health Minister Is Infected;3;10
‘In Every City, There’s a George Floyd’: Portraits of Protest;6;2
China Quiets Talk of Coronavirus Cover-Up in Wuhan;5;4
C.D.C.’s Contentious Testing Guidance on Covid-19 Was Not Written by Its Scientists;9;17
A Timeline of the Coronavirus Pandemic;2;13
The News Cycle Is Crushing Seattle’s Vibrant Restaurant Scene;10;13
Latest Updates: Nevada Caucus;2;22
Elizabeth Warren Is Ready for a Fight;1;14
Top U.K. Scientist Resigns Over Coronavirus Distancing Violation;5;5
Hong Kong Reports First Death From Coronavirus Outbreak;2;3
Lockdown Delays Led to at Least 36,000 More Deaths, Models Find;5;20
Emergency Child Hunger Program Is Far Behind on Rollout;5;26
Full Transcript: President Trump’s Republican National Convention Speech;8;28
High School Students and Alumni Are Using Social Media to Expose Racism;6;16
As New Coronavirus Spread, China’s Old Habits Delayed Fight;2;1
A Deep-Diving Sub. A Deadly Fire. And Russia’s Secret Undersea Agenda.;4;20
A Maine Paper Mill’s Unexpected Savior: China;1;15
Two Women Fell Sick From the Coronavirus. One Survived.;3;13
Trump Says U.S. Death Toll Could Reach 100,000;5;3
Democrats Unveil Police Reform Bill;6;8
In U.S., Cases of Coronavirus Cross 500, and Deaths Rise to 22;3;8
The Age of Decadence;2;7
C.D.C. Suggests Some Child-Care Centers Can Reopen Safely;8;21
Stocks Sink as Markets Open in China;2;2
The Problem of Free Speech in an Age of Disinformation;10;13
Tara Reade’s Tumultuous Journey to the 2020 Campaign;5;31
12 Days on the Most Storied Highway of Them All: The Silk Road;3;9
Remembering the Restaurants America Lost in 2020;12;28
Amy Klobuchar on Plans vs. Pipe Dreams;1;15
California Becomes First State to Report 600,000 Coronavirus Cases;8;13
Undercutting Scientists, Trump Says Tightening Covid-19 Vaccine Guidelines ‘Sounds Like a Political Move’;9;23
Texas and Ohio Push to Reopen; White House Promises to Help States Test;4;27
The Terrorist Who Got Away;3;19
A Fact-Checked List of Trump Accomplishments;9;11
The America We Need;4;9
Alarm Grows as Markets Tumble and Death Toll Rises;1;27
Tammy Duckworth Is Nothing and Everything Like Joe Biden;8;1
White House, Under Fire for Discouraging Coronavirus Testing, Says It Will Buy Millions of Test Kits;8;27
Americans Stranded Abroad Weigh Options; Spain Announces Easing of Restrictions;4;25
Illinois Threatens to Fine Defiant Businesses as Reopening Tensions Rise Nationally;5;17
College Officials Clamp Down on Student Behavior Over Covid-19 Fears;8;20
How the Taliban Outlasted a Superpower: Tenacity and Carnage;5;26
Thinking of Traveling in the U.S.? Check Which States Have Travel Restrictions;7;10
U.N.C. at Chapel Hill Shifts to Remote Learning After a Covid-19 Outbreak;8;17
